Compound_name,Extracted_name,Molecular_weight,Type,Capacity_per_gram_in_mAh,Voltage_in_V,Efficiency_in_percent,Conductivity_in_Siemens_per_cm
Cu0.02Mg0.02,"[{'Cu': '0.02', 'Mg': '0.02'}]",1.75702,Cath,72.0,4.2,,
LVP / HC-2,"[{'H': '1.0', 'C': '1.0'}]",13.018999999999998,Cath,98.0,4.3,,
HHC-20,"[{'H': '2.0', 'C': '1.0'}]",14.027,Anod,410.0,,,
Silicon monoxide,"[{'Si': '0.0', 'O': '1.0'}]",15.999,Anod,700.0,,,
LiB,"[{'Li': '1.0', 'B': '1.0'}]",17.75,Cath,442.0,,,
Fe2F5 Â· H2O,"[{'H': '2.0', 'O': '1.0'}]",18.015,Cath,253.7,,67.0,
"C @ N-C @ N,P-C","[{'C': '1.0'}, {'C': '1.0'}]",24.022,Cath,98.0,1.33,,
CCH / C-based oxygen,"[{'C': '2.0', 'H': '1.0'}]",25.03,Cath,3500.0,,,
CN-380,"[{'C': '1.0', 'N': '1.0'}]",26.018,Anod,68.9,4.2,19.9,
MgH2,"[{'Mg': '1.0', 'H': '2.0'}]",26.321,Anod,630.0,0.042,,
HN-LVP @ C,"[{'H': '1.0', 'N': '1.0'}, {'C': '1.0'}]",27.026,Cath,129.4,4.3,,
HCO,"[{'H': '1.0', 'C': '1.0', 'O': '1.0'}]",29.018,Anod,507.0,,,
Li2O,"[{'Li': '2.0', 'O': '1.0'}]",29.879,Cath,270.0,4.8,,
,,31.009,,,2.5,,
,,32.042,,,0.4,,
,,33.922,,,,90.0,
,,34.827,,,2.5,,
CBC,"[{'C': '2.0', 'B': '1.0'}]",34.832,Anod,135.3,,,
,,34.874660000000006,,,0.8,,
,,38.82,,,1.0,,
CCOâCNTs,"[{'C': '2.0', 'O': '1.0'}]",40.021,Anod,85.0,4.4,,
Si @ C,"[{'Si': '1.0'}, {'C': '1.0'}]",40.096,Anod,404.0,0.1,98.6,
,,40.989,,,0.65,,
Si0.71Ge0.29,"[{'Si': '0.71', 'Ge': '0.29'}]",41.00305,Anod,841.0,,,
BP-C,"[{'B': '1.0', 'P': '1.0'}]",41.784,Cath,920.0,2.3,98.7,
NCO,"[{'N': '1.0', 'C': '1.0', 'O': '1.0'}]",42.017,Anod,261.0,3.0,,
SiN,"[{'Si': '1.0', 'N': '1.0'}]",42.092,Anod,1880.0,,,
CP,"[{'C': '1.0', 'P': '1.0'}]",42.985,Anod,70.0,,,
CFC,"[{'C': '2.0', 'F': '1.0'}]",43.02,Cath,309.0,,,
HPC / S-600,"[{'H': '1.0', 'P': '1.0', 'C': '1.0'}]",43.993,Cath,1010.0,,,
S @ C,"[{'S': '1.0'}, {'C': '1.0'}]",44.071,Cath,510.1,2.04,100.0,
SiOâC,"[{'Si': '1.0', 'O': '1.0'}]",44.084,Anod,1103.0,3.0,60.4,
NP-Si,"[{'N': '1.0', 'P': '1.0'}]",44.981,Anod,1223.9,,,
CNF,"[{'C': '1.0', 'N': '1.0', 'F': '1.0'}]",45.016000000000005,Anod,60.5,0.22,69.1,
,,45.07900000000001,,,3.0,,
SiO1.1,"[{'Si': '1.0', 'O': '1.1'}]",45.6839,Anod,800.0,,,
Li2S,"[{'Li': '2.0', 'S': '1.0'}]",45.940000000000005,Cath,758.0,4.0,60.0,
NS-CO,"[{'N': '1.0', 'S': '1.0'}]",46.067,Anod,596.0,4.2,,
,,48.016,,,3.0,,
3Mn1 / 3O2,"[{'Mn': '0.3333', 'O': '2.0'}]",50.3088354,Cath,21.0,4.8,,
3Co1 / 3O2,"[{'Co': '0.3333', 'O': '2.0'}]",51.6403689,Cath,144.0,,,
,,53.795,,,,,0.001
NaAlH4,"[{'Na': '1.0', 'Al': '1.0', 'H': '4.0'}]",54.00399999999999,Anod,330.0,,,
SiCN,"[{'Si': '1.0', 'C': '1.0', 'N': '1.0'}]",54.103,Anod,700.0,0.9,,
SiOC,"[{'Si': '1.0', 'O': '1.0', 'C': '1.0'}]",56.095,Anod,1280.0,0.6,58.0,
SiCO,"[{'Si': '1.0', 'C': '1.0', 'O': '1.0'}]",56.095000000000006,Anod,800.0,1.0,100.0,
N-GP / CPN-S,"[{'C': '1.0', 'P': '1.0', 'N': '1.0'}]",56.992,Cath,687.0,,,
Li2S @ C,"[{'Li': '2.0', 'S': '1.0'}, {'C': '1.0'}]",57.95100000000001,Cath,591.0,2.6,,
,,58.0,,,0.25,,
,,58.02,,,0.2,,
Li4.4Si,"[{'Li': '4.4', 'Si': '1.0'}]",58.62100000000001,Anod,4200.0,,,
TiC / C-S,"[{'Ti': '1.0', 'C': '1.0'}]",59.878,Cath,821.0,,98.7,
Carbonate,"[{'C': '1.0', 'O': '3.0'}]",60.008,Anod,188.8,,,
SiO2,"[{'Si': '1.0', 'O': '2.0'}]",60.083,Anod,877.0,,60.7,
TiN @ CNT-S,"[{'Ti': '1.0', 'N': '1.0'}]",61.874,Cath,611.0,0.49,96.0,
Li2S / CNT / C-N / O,"[{'Li': '2.0', 'S': '1.0'}, {'O': '1.0'}]",61.93900000000001,Cath,577.0,0.08,,
Na oxide,"[{'Na': '2.0', 'O': '1.0'}]",61.979,Cath,15.0,,,
MgF2,"[{'Mg': '1.0', 'F': '2.0'}]",62.301,Anod,5.0,,,
P(S-DVB),"[{'S': '1.0', 'P': '1.0'}]",63.034000000000006,Cath,800.0,,,
TiO @ C-HS,"[{'Ti': '1.0', 'O': '1.0'}]",63.866,Cath,1100.0,,,
LiNi0.5Co0.2Mn0.3,"[{'Li': '1.0', 'Ni': '0.5', 'Co': '0.2', 'Mn': '0.3'}]",64.55449999999999,Cath,200.0,,,
SiBCN / GN-ld,"[{'Si': '1.0', 'B': '1.0', 'C': '1.0', 'N': '1.0'}]",64.91300000000001,Anod,347.0,0.9,,
NFS,"[{'N': '1.0', 'F': '1.0', 'S': '1.0'}]",65.065,Cath,87.5,4.5,,
Polypyrrole,"[{'C': '4.0', 'H': '3.0', 'N': '1.0'}]",65.075,Cath,1000.0,0.78,,
LiNi1â2xCoxMnxO2,"[{'Li': '1.0', 'Ni': '1.0'}]",65.633,Cath,205.2,,,
,,65.806,,,0.7,,
,,65.873,,,4.5,,
Zn0.9Ni0.075In0.025,"[{'Zn': '0.9', 'Ni': '0.075', 'In': '0.025'}]",66.114475,Anod,900.0,,,
ScB2,"[{'Sc': '1.0', 'B': '2.0'}]",66.57600000000001,Anod,400.0,,,
Si / Sn-Ni / C / Al,"[{'Si': '1.0'}, {'C': '1.0'}, {'Al': '1.0'}]",67.078,Anod,37.0,,100.0,
PCBN,"[{'P': '1.0', 'C': '1.0', 'B': '1.0', 'N': '1.0'}]",67.802,Cath,762.0,,,
LNMO / LiPON,"[{'Li': '1.0', 'P': '1.0', 'O': '1.0', 'N': '1.0'}]",67.92,Cath,77.9,,,
Zn0.9Ni0.025In0.075,"[{'Zn': '0.9', 'Ni': '0.025', 'In': '0.075'}]",68.92082500000001,Anod,1155.0,0.8,98.0,
TiB2,"[{'Ti': '1.0', 'B': '2.0'}]",69.487,Anod,2000.0,,,
3Co1 / 3Mn1 / 3O2,"[{'Co': '0.3333', 'Mn': '0.3333', 'O': '2.0'}]",69.9512043,Cath,107.2,4.6,,
LiPS,"[{'Li': '1.0', 'P': '1.0', 'S': '1.0'}]",69.974,Cath,209.0,,,
Mg0.2Co0.2Ni0.2Cu0.2Zn0.2O,"[{'Mg': '0.2', 'Co': '0.2', 'Ni': '0.2', 'Cu': '0.2', 'Zn': '0.2', 'O': '1.0'}]",70.1704,Anod,490.0,,,
Li @ Cu,"[{'Li': '1.0'}, {'Cu': '1.0'}]",70.486,Anod,300.0,0.03,93.3,
MnO,"[{'Mn': '1.0', 'O': '1.0'}]",70.937,Anod,1321.0,1.0,72.0,1e-08
Co @ C,"[{'Co': '1.0'}, {'C': '1.0'}]",70.944,Anod,232.0,,,
,,71.158,,,3.5,,
Mn0.9Co0.1O / CNT,"[{'Mn': '0.9', 'Co': '0.1', 'O': '1.0'}]",71.3365,Anod,500.0,,98.5,
,,71.736,,,,71.0,
SiO2 / C / CNTs,"[{'Si': '1.0', 'O': '2.0'}, {'C': '1.0'}]",72.094,Anod,386.5,,,
VB2,"[{'V': '1.0', 'B': '2.0'}]",72.5615,Anod,4060.0,,82.0,
,,72.8608,,,3.0,,
,,72.94,,,1.51,,
Si / CNF,"[{'Si': '1.0'}, {'C': '1.0', 'N': '1.0', 'F': '1.0'}]",73.101,Anod,2000.0,,,
NiO,"[{'Ni': '1.0', 'O': '1.0'}]",74.692,Anod,1219.0,3.8,100.0,0.01
CoO,"[{'Co': '1.0', 'O': '1.0'}]",74.932,Anod,715.0,0.62,73.8,
Glycine,"[{'N': '1.0', 'H': '5.0', 'C': '2.0', 'O': '2.0'}]",75.06700000000001,Cath,120.0,,,
,,75.557,,,0.71,,
Ni0.8Co0.1Mn0.1O1.1,"[{'Ni': '0.8', 'Co': '0.1', 'Mn': '0.1', 'O': '1.1'}]",75.94040000000001,Anod,750.0,,,
PNP @ CNTs,"[{'P': '2.0', 'N': '1.0'}]",75.955,Anod,125.0,3.0,100.0,
PCNF,"[{'P': '1.0', 'C': '1.0', 'N': '1.0', 'F': '1.0'}]",75.99,Anod,201.8,,44.0,
S / HPC,"[{'S': '1.0'}, {'H': '1.0', 'P': '1.0', 'C': '1.0'}]",76.053,Cath,1377.0,,100.0,
,,76.131,,,0.05,,
Mg2Si,"[{'Mg': '2.0', 'Si': '1.0'}]",76.695,Anod,891.0,3.0,62.0,
,,76.95400000000001,,,0.5,,
CVO,"[{'C': '1.0', 'V': '1.0', 'O': '1.0'}]",78.9515,Anod,1041.0,,,
LiC6,"[{'Li': '1.0', 'C': '6.0'}]",79.006,Anod,200.0,1.5,75.0,
LFS / FSO / C,"[{'F': '1.0', 'S': '1.0', 'O': '1.0'}, {'C': '1.0'}]",79.068,Cath,74.0,,,
,,79.1824,,,4.5,,
CuO-CF,"[{'Cu': '1.0', 'O': '1.0'}]",79.545,Anod,152.2,1.4,99.0,
TiO2,"[{'Ti': '1.0', 'O': '2.0'}]",79.865,Anod,119.0,0.38,97.0,1e-12
Li1.27Cr0.2Mn0.53O2,"[{'Li': '1.27', 'Cr': '0.2', 'Mn': '0.53', 'O': '2.0'}]",80.32814,Cath,280.0,,,
Zn0.91Co0.09O,"[{'Zn': '0.91', 'Co': '0.09', 'O': '1.0'}]",80.79876999999999,Anod,1000.0,,,
,,80.882,,,3.66,,
,,80.94749999999999,,,3.0,,
ZnO,"[{'Zn': '1.0', 'O': '1.0'}]",81.37899999999999,Anod,1504.0,1.637,70.0,
,,81.59606000000001,,,4.8,,
VO2,"[{'V': '1.0', 'O': '2.0'}]",82.9395,Anod,235.0,0.3,35.0,0.00131
MnO / C,"[{'Mn': '1.0', 'O': '1.0'}, {'C': '1.0'}]",82.948,Anod,776.0,0.5,69.2,
Li1.23Mn0.46Fe0.15Ni0.15O2,"[{'Li': '1.23', 'Mn': '0.46', 'Fe': '0.15', 'Ni': '0.15', 'O': '2.0'}]",82.98638000000001,Cath,255.0,,,
Li1.2Cr0.4Mn0.4O2,"[{'Li': '1.2', 'Cr': '0.4', 'Mn': '0.4', 'O': '2.0'}]",83.09960000000001,Cath,150.0,,,
Si / B4C / graphite,"[{'Si': '1.0'}, {'B': '4.0', 'C': '1.0'}]",83.336,Anod,822.0,,,
Li1.231Mn0.615Ni0.154O2,"[{'Li': '1.231', 'Mn': '0.615', 'Ni': '0.154', 'O': '2.0'}]",83.366732,Cath,180.0,4.8,,
,,83.88674999999999,,,1.4,,
FeSi,"[{'Fe': '1.0', 'Si': '1.0'}]",83.93,Anod,500.0,,,
AlF3,"[{'Al': '1.0', 'F': '3.0'}]",83.976,Cath,1119.0,2.29,98.1,
Ge @ C,"[{'Ge': '1.0'}, {'C': '1.0'}]",84.64099999999999,Anod,1163.9,,99.0,
Li1.2Ni0.2Mn0.6O2,"[{'Li': '1.2', 'Ni': '0.2', 'Mn': '0.6', 'O': '2.0'}]",85.0274,Cath,161.7,4.5,65.9,
Li1.2Mn0.6Ni0.1Co0.1O2,"[{'Li': '1.2', 'Mn': '0.6', 'Ni': '0.1', 'Co': '0.1', 'O': '2.0'}]",85.05140000000002,Cath,46.0,,84.0,
,,85.058335,,,0.1,,
Si / C @ CNF,"[{'Si': '1.0'}, {'C': '2.0', 'N': '1.0', 'F': '1.0'}]",85.11200000000001,Anod,1506.5,,,
Li1.2Mn0.56Ni0.16Co0.08O2,"[{'Li': '1.2', 'Mn': '0.56', 'Ni': '0.16', 'Co': '0.08', 'O': '2.0'}]",85.19680000000001,Cath,175.1,4.8,91.7,
Li1.2Ni0.15Mn0.55Co0.1O2,"[{'Li': '1.2', 'Ni': '0.15', 'Mn': '0.55', 'Co': '0.1', 'O': '2.0'}]",85.23915000000001,Cath,232.0,4.8,85.0,
Li1.2Mn0.54Ni0.13Co0.13O2,"[{'Li': '1.2', 'Mn': '0.54', 'Ni': '0.13', 'Co': '0.13', 'O': '2.0'}]",85.2839,Cath,11.0,1.75,86.1,
Li1.20Mn0.534Ni0.133Co0.133O2,"[{'Li': '1.2', 'Mn': '0.534', 'Ni': '0.133', 'Co': '0.133', 'O': '2.0'}]",85.30715000000001,Cath,235.5,,83.3,
Li1.2Ni0.17Co0.10Mn0.53O2,"[{'Li': '1.2', 'Ni': '0.17', 'Co': '0.1', 'Mn': '0.53', 'O': '2.0'}]",85.31425,Cath,220.0,,,
K+-doped Li1.2Ni0.2Co0.08Mn0.52O2,"[{'Li': '1.2', 'Ni': '0.2', 'Co': '0.08', 'Mn': '0.52', 'O': '2.0'}]",85.34700000000001,Cath,280.4,,,
Li1.1V0.9O2,"[{'Li': '1.1', 'V': '0.9', 'O': '2.0'}]",85.47935,Anod,250.0,,,
Li1.2Ni0.27Mn0.40Co0.13O2,"[{'Li': '1.2', 'Ni': '0.27', 'Mn': '0.4', 'Co': '0.13', 'O': '2.0'}]",85.8096,Cath,190.0,,,
Li1.2Mn0.4Co0.4O2,"[{'Li': '1.2', 'Mn': '0.4', 'Co': '0.4', 'O': '2.0'}]",85.87440000000001,Cath,195.0,4.6,,
MnP,"[{'Mn': '1.0', 'P': '1.0'}]",85.912,Anod,870.0,2.0,78.8,
,,86.1209,,,2.0,,
3Mn0.8Fe0.1Ti0.1O2,"[{'Mn': '0.8', 'Fe': '0.1', 'Ti': '0.1', 'O': '2.0'}]",86.31960000000001,Cath,144.16,4.0,,
,,86.485,,,2.0,,
Li1.17Ni0.25Mn0.58O2,"[{'Li': '1.17', 'Ni': '0.25', 'Mn': '0.58', 'O': '2.0'}]",86.65509,Cath,250.0,4.6,,
NiO / C,"[{'Ni': '1.0', 'O': '1.0'}, {'C': '1.0'}]",86.70299999999999,Anod,600.0,3.0,,
Ni / Si,"[{'Ni': '1.0'}, {'Si': '1.0'}]",86.77799999999999,Anod,4095.0,1.5,94.6,
BPCNF-900,"[{'B': '1.0', 'P': '1.0', 'C': '1.0', 'N': '1.0', 'F': '1.0'}]",86.80000000000001,Anod,746.0,,,
FeP,"[{'Fe': '1.0', 'P': '1.0'}]",86.819,Anod,764.7,,100.0,
MnO2-280H,"[{'Mn': '1.0', 'O': '2.0'}]",86.936,Cath,915.0,3.0,38.0,1e-08
MnS-(ZnCo)S / N-C,"[{'Mn': '1.0', 'S': '1.0'}]",86.998,Anod,396.0,3.0,,
Li1.15(Ni0.36Mn0.64)0.85O2,"[{'Ni': '0.306', 'Mn': '0.544', 'Li': '1.15', 'O': '2.0'}]",87.82533000000001,Cath,220.0,,82.0,
FeHCF,"[{'Fe': '1.0', 'H': '1.0', 'C': '1.0', 'F': '1.0'}]",87.86200000000001,Cath,50.0,,,
FeS,"[{'Fe': '1.0', 'S': '1.0'}]",87.905,Anod,703.0,,,
,,88.70599999999999,,,3.0,,
HCN @ TiN-S,"[{'H': '1.0', 'C': '1.0', 'N': '1.0'}, {'Ti': '1.0', 'N': '1.0'}]",88.9,Cath,1097.8,,98.0,
Li1.131Mn0.504Ni0.243Co0.122O2,"[{'Li': '1.131', 'Mn': '0.504', 'Ni': '0.243', 'Co': '0.122', 'O': '2.0'}]",88.988117,Cath,246.5,,,
,,89.018,,,3.4,,
SiO / CNF,"[{'Si': '1.0', 'O': '1.0'}, {'C': '1.0', 'N': '1.0', 'F': '1.0'}]",89.10000000000001,Anod,700.0,,,
,,89.154572,,,4.75,,
Li0.33MnO2,"[{'Li': '0.33', 'Mn': '1.0', 'O': '2.0'}]",89.2262,Cath,200.0,,,
Nickel phosphide,"[{'Ni': '1.0', 'P': '1.0'}]",89.667,Anod,500.0,0.4,,
,,89.88325,,,4.2,,
CoP,"[{'Co': '1.0', 'P': '1.0'}]",89.907,Anod,500.0,3.0,,
Si @ TiN,"[{'Si': '1.0'}, {'Ti': '1.0', 'N': '1.0'}]",89.959,Anod,2048.8,,,
SiP2,"[{'Si': '1.0', 'P': '2.0'}]",90.033,Anod,491.0,,,
,,90.06,,,3.0,,
,,90.691,,,4.2,,
NiHCF,"[{'Ni': '1.0', 'H': '1.0', 'C': '1.0', 'F': '1.0'}]",90.71,Cath,60.0,3.3,,
NiS,"[{'Ni': '1.0', 'S': '1.0'}]",90.753,Cath,153.0,,,
,,90.842,,,1.8,,
Li1.3Nb0.3Mn0.4O2,"[{'Li': '1.3', 'Nb': '0.3', 'Mn': '0.4', 'O': '2.0'}]",90.867,Cath,300.0,,,
LiCrO2Â·Li2MnO3,"[{'Li': '1.0', 'Cr': '1.0', 'O': '2.0'}]",90.934,Cath,172.0,2.73,85.0,
Li2S / CNF,"[{'Li': '2.0', 'S': '1.0'}, {'C': '1.0', 'N': '1.0', 'F': '1.0'}]",90.95600000000002,Cath,520.0,,,
Se / C,"[{'Se': '1.0'}, {'C': '1.0'}]",90.982,Cath,600.0,,95.0,
CoS @ 1T-MoS2,"[{'Co': '1.0', 'S': '1.0'}]",90.993,Anod,1294.0,,,
LiCr0.33V0.33Mn0.33O2,"[{'Li': '1.0', 'Cr': '0.33', 'V': '0.33', 'Mn': '0.33', 'O': '2.0'}]",91.036915,Cath,210.0,,,
SiVC-2,"[{'Si': '1.0', 'V': '1.0', 'C': '1.0'}]",91.0375,Anod,901.0,,,
,,91.631,,,1.6,,
NiOOH,"[{'Ni': '1.0', 'O': '2.0', 'H': '1.0'}]",91.699,Cath,275.0,1.15,,
TiO2 / C,"[{'Ti': '1.0', 'O': '2.0'}, {'C': '1.0'}]",91.876,Anod,207.0,,84.2,
,,91.97925,,,2.85,,
Orthosilicate,"[{'Si': '1.0', 'O': '4.0'}]",92.081,Cath,14.0,2.5,,
Ni(OH)2,"[{'O': '2.0', 'H': '2.0', 'Ni': '1.0'}]",92.707,Cath,289.0,0.1,,
Li2Se,"[{'Li': '2.0', 'Se': '1.0'}]",92.851,Cath,100.0,2.4,,
MnF2,"[{'Mn': '1.0', 'F': '2.0'}]",92.934,Anod,540.0,,100.0,
Co(OH)2,"[{'O': '2.0', 'H': '2.0', 'Co': '1.0'}]",92.947,Anod,690.0,,,
,,93.075,,,4.1,,
LiAl0.15Co0.85O2,"[{'Li': '1.0', 'Al': '0.15', 'Co': '0.85', 'O': '2.0'}]",93.07835,Cath,160.0,,,
ZnO / C,"[{'Zn': '1.0', 'O': '1.0'}, {'C': '1.0'}]",93.39,Anod,650.0,,,
LiMn0.95Cr0.05O2,"[{'Li': '1.0', 'Mn': '0.95', 'Cr': '0.05', 'O': '2.0'}]",93.7289,Cath,170.0,,,
VO2(B),"[{'B': '1.0', 'V': '1.0', 'O': '2.0'}]",93.7495,Cath,500.0,,,
,,93.876,,,2.5,,
TiN-C / sulfur,"[{'Ti': '1.0', 'N': '1.0'}, {'S': '1.0'}]",93.934,Cath,989.0,,,
LiNi0.8Co0.1Al0.1O2,"[{'Li': '1.0', 'Ni': '0.8', 'Co': '0.1', 'Al': '0.1', 'O': '2.0'}]",94.4839,Cath,140.0,,89.0,
LiNi0.75Co0.15Al0.10O2,"[{'Li': '1.0', 'Ni': '0.75', 'Co': '0.15', 'Al': '0.1', 'O': '2.0'}]",94.4959,Cath,172.2,,,
Phosphate,"[{'P': '1.0', 'O': '4.0'}]",94.97,Cath,197.0,1.5,,
SiMn / C,"[{'Si': '1.0', 'Mn': '1.0'}, {'C': '1.0'}]",95.034,Anod,426.0,,,
PEDOT : PSS-Mg2+,"[{'P': '1.0', 'S': '2.0'}]",95.094,Cath,1219.0,,,
LiNi0.2Mn0.6Co0.2O2,"[{'Li': '1.0', 'Ni': '0.2', 'Mn': '0.6', 'Co': '0.2', 'O': '2.0'}]",95.426,Cath,258.0,,,
CuHCF,"[{'Cu': '1.0', 'H': '1.0', 'C': '1.0', 'F': '1.0'}]",95.563,Cath,10.0,0.05,,
,,95.592,,,0.85,,
CuS,"[{'Cu': '1.0', 'S': '1.0'}]",95.606,Anod,1087.1,1.1,98.8,
LiNi0.5Mn0.5O2,"[{'Li': '1.0', 'Ni': '0.5', 'Mn': '0.5', 'O': '2.0'}]",95.7535,Cath,120.3,5.11,78.0,
S0.6Se0.4 @ CNF,"[{'S': '0.6', 'Se': '0.4'}, {'C': '1.0', 'N': '1.0', 'F': '1.0'}]",95.84040000000002,Cath,346.0,,,
Li2S / KB / CNT,"[{'Li': '2.0', 'S': '1.0'}, {'K': '1.0', 'B': '1.0'}]",95.848,Cath,200.0,,,
Titanate,"[{'Ti': '1.0', 'O': '3.0'}]",95.864,Anod,440.8,4.7,,
,,95.88412,,,4.5,,
NVP,"[{'N': '1.0', 'V': '1.0', 'P': '1.0'}]",95.9225,Cath,100.2,2.0,99.5,
,,95.926,,,0.759,,
LiNi0.45Mn0.45Co0.1O2,"[{'Li': '1.0', 'Ni': '0.45', 'Mn': '0.45', 'Co': '0.1', 'O': '2.0'}]",95.96525,Cath,168.0,4.3,,
,,96.056,,,3.2,,
LiNi0.8Co0.15Al0.05O2,"[{'Li': '1.0', 'Ni': '0.8', 'Co': '0.15', 'Al': '0.05', 'O': '2.0'}]",96.08145,Cath,25.0,4.33,82.2,
LiNi0.4Mn0.4Co0.2O2,"[{'Li': '1.0', 'Ni': '0.4', 'Mn': '0.4', 'Co': '0.2', 'O': '2.0'}]",96.177,Cath,181.0,4.5,,
LiCo0.95Al0.05O2,"[{'Li': '1.0', 'Co': '0.95', 'Al': '0.05', 'O': '2.0'}]",96.27345,Cath,141.0,,,
,,96.282875,,,3.9,,
LiNi1 / 3Co1 / 3Mn1 / 3O2,"[{'Li': '1.0', 'Ni': '0.3333', 'Co': '0.3333', 'Mn': '0.3333', 'O': '2.0'}]",96.4535812,Cath,160.0,4.6,93.0,
,,96.536,,,4.04,,
LiNi0.5Co0.2Mn0.3O2,"[{'Li': '1.0', 'Ni': '0.5', 'Co': '0.2', 'Mn': '0.3', 'O': '2.0'}]",96.5525,Cath,76.0,3.0,,0.001
,,96.6005,,,4.2,,
,,96.6204,,,4.2,,
,,96.69647,,,3.72,,
LiNi0.82Co0.15Al0.03O2,"[{'Li': '1.0', 'Ni': '0.82', 'Co': '0.15', 'Al': '0.03', 'O': '2.0'}]",96.71567,Cath,105.0,,,
LiNi0.5Mn0.25Co0.25O2,"[{'Li': '1.0', 'Ni': '0.5', 'Mn': '0.25', 'Co': '0.25', 'O': '2.0'}]",96.75225,Cath,156.0,,,
Li1.05Ni1 / 3Co1 / 3Mn1 / 3O2,"[{'Li': '1.05', 'Ni': '0.3333', 'Co': '0.3333', 'Mn': '0.3333', 'O': '2.0'}]",96.8005812,Cath,158.0,2.5,,
,,96.8289,,,,85.1,
Li1.10Ni0.30Co0.30Mn0.40O2,"[{'Li': '1.1', 'Ni': '0.3', 'Co': '0.3', 'Mn': '0.4', 'O': '2.0'}]",96.895,Cath,158.0,,,
LiNi0.6Co0.2Mn0.2O2,"[{'Li': '1.0', 'Ni': '0.6', 'Co': '0.2', 'Mn': '0.2', 'O': '2.0'}]",96.928,Cath,145.5,4.6,83.8,
LiNi0.5Co0.3Mn0.2O2,"[{'Li': '1.0', 'Ni': '0.5', 'Co': '0.3', 'Mn': '0.2', 'O': '2.0'}]",96.952,Cath,135.4,,,
MnO @ NC-Z,"[{'Mn': '1.0', 'O': '1.0'}, {'N': '1.0', 'C': '1.0'}]",96.955,Anod,945.0,0.88,,
LiNi0.2Mn0.2Co0.6O2,"[{'Li': '1.0', 'Ni': '0.2', 'Mn': '0.2', 'Co': '0.6', 'O': '2.0'}]",97.024,Cath,160.0,,,
Na0.44MnO2,"[{'Na': '0.44', 'Mn': '1.0', 'O': '2.0'}]",97.0516,Cath,150.0,2.0,,
LiNi0.7Co0.15Mn0.15O2,"[{'Li': '1.0', 'Ni': '0.7', 'Co': '0.15', 'Mn': '0.15', 'O': '2.0'}]",97.10375,Cath,214.8,,93.3,
LiNi0.76Mn0.14Co0.10O2,"[{'Li': '1.0', 'Ni': '0.76', 'Mn': '0.14', 'Co': '0.1', 'O': '2.0'}]",97.1293,Cath,164.0,,88.0,
LiNi0.8Co0.1Mn0.1O2,"[{'Li': '1.0', 'Ni': '0.8', 'Co': '0.1', 'Mn': '0.1', 'O': '2.0'}]",97.2795,Cath,40.0,4.5,,
LiNi0.975Ti0.025O2,"[{'Li': '1.0', 'Ni': '0.975', 'Ti': '0.025', 'O': '2.0'}]",97.36035,Cath,171.0,,,
LiNi0.85Co0.075Mn0.075O2,"[{'Li': '1.0', 'Ni': '0.85', 'Co': '0.075', 'Mn': '0.075', 'O': '2.0'}]",97.367375,Cath,193.0,,,
ZnHCF,"[{'Zn': '1.0', 'H': '1.0', 'C': '1.0', 'F': '1.0'}]",97.397,Cath,65.4,,,
LiNi0.990Al0.005Ti0.005O2,"[{'Li': '1.0', 'Ni': '0.99', 'Al': '0.005', 'Ti': '0.005', 'O': '2.0'}]",97.418315,Cath,1.45,,,
ZnS,"[{'Zn': '1.0', 'S': '1.0'}]",97.44,Anod,650.0,2.0,,
,,97.4475,,,4.2,,
LiNi0.995Al0.005O2,"[{'Li': '1.0', 'Ni': '0.995', 'Al': '0.005', 'O': '2.0'}]",97.472445,Cath,0.81,4.4,,
LiNi0.475Mn0.475Zr0.05O2,"[{'Li': '1.0', 'Ni': '0.475', 'Mn': '0.475', 'Zr': '0.05', 'O': '2.0'}]",97.473925,Cath,220.0,,,
LiNi0.8Co0.15Mn0.05O2,"[{'Li': '1.0', 'Ni': '0.8', 'Co': '0.15', 'Mn': '0.05', 'O': '2.0'}]",97.47925,Cath,209.0,,,
,,97.49246,,,0.6,,
LiNi0.990Ti0.010O2,"[{'Li': '1.0', 'Ni': '0.99', 'Ti': '0.01', 'O': '2.0'}]",97.52274,Cath,175.0,,,
LiCo0.99Al0.01O2,"[{'Li': '1.0', 'Co': '0.99', 'Al': '0.01', 'O': '2.0'}]",97.55149,Cath,8.0,,,
LiNiO2,"[{'Li': '1.0', 'Ni': '1.0', 'O': '2.0'}]",97.631,Cath,224.0,2.5,,
LiNi0.9Co0.1O2,"[{'Li': '1.0', 'Ni': '0.9', 'Co': '0.1', 'O': '2.0'}]",97.655,Cath,193.0,,,
,,97.667,,,0.05,,
LiCo0.95Mn0.05O2,"[{'Li': '1.0', 'Co': '0.95', 'Mn': '0.05', 'O': '2.0'}]",97.67125,Cath,194.0,3.0,,
,,97.6766,,,1.5,,
LiNi0.8Co0.2O2,"[{'Li': '1.0', 'Ni': '0.8', 'Co': '0.2', 'O': '2.0'}]",97.679,Cath,208.0,3.6,79.3,
LiNi0.75Co0.25O2,"[{'Li': '1.0', 'Ni': '0.75', 'Co': '0.25', 'O': '2.0'}]",97.691,Cath,167.0,3.0,,
LiNi0.74Co0.26O2,"[{'Li': '1.0', 'Ni': '0.74', 'Co': '0.26', 'O': '2.0'}]",97.6934,Cath,210.0,,,
,,97.703,,,3.75,,
LiCo0.4Ni0.6O2,"[{'Li': '1.0', 'Co': '0.4', 'Ni': '0.6', 'O': '2.0'}]",97.727,Cath,140.0,,,
,,97.751,,,5.0,,
LiCo0.7Ni0.3O2,"[{'Li': '1.0', 'Co': '0.7', 'Ni': '0.3', 'O': '2.0'}]",97.799,Cath,140.0,2.8,,
Li(Co0.75Ni0.25)O2,"[{'Li': '1.0', 'Co': '0.75', 'Ni': '0.25', 'O': '2.0'}]",97.811,Cath,148.0,,,
LCO,"[{'Li': '1.0', 'Co': '1.0', 'O': '2.0'}]",97.871,Cath,195.0,3.9,98.0,3.0
,,97.88,,,2.8,,
LiNi0.975Ga0.025O2,"[{'Li': '1.0', 'Ni': '0.975', 'Ga': '0.025', 'O': '2.0'}]",97.90675,Cath,0.04,,,
Fluorophosphate,"[{'P': '1.0', 'O': '3.0', 'F': '1.0'}]",97.969,Cath,100.0,,,
Na0.4Mn0.54Co0.46O2,"[{'Na': '0.4', 'Mn': '0.54', 'Co': '0.46', 'O': '2.0'}]",97.9697,Cath,145.0,,88.0,
,,98.072,,,1.23,,
Li1.5Ni0.25Mn0.75O2+d,"[{'Li': '1.5', 'Ni': '0.25', 'Mn': '0.75', 'O': '2.0'}]",98.28475000000002,Cath,159.0,2.0,,
Li1.5Mn0.75Ni0.15Co0.10O2+Î´,"[{'Li': '1.5', 'Mn': '0.75', 'Ni': '0.15', 'Co': '0.1', 'O': '2.0'}]",98.30875,Cath,64.9,,,
Na0.44Mn0.6Ni0.4O2,"[{'Na': '0.44', 'Mn': '0.6', 'Ni': '0.4', 'O': '2.0'}]",98.5536,Cath,146.1,4.0,,
Li0.946Ca0.027CoO2,"[{'Li': '0.946', 'Ca': '0.027', 'Co': '1.0', 'O': '2.0'}]",98.578346,Cath,177.9,4.3,,
K0.3MnO2,"[{'K': '0.3', 'Mn': '1.0', 'O': '2.0'}]",98.6654,Cath,136.0,4.0,,
FeP @ C,"[{'Fe': '1.0', 'P': '1.0'}, {'C': '1.0'}]",98.83,Anod,363.0,1.08,50.0,
Na0.5Ni0.23Fe0.13Mn0.63O2,"[{'Na': '0.5', 'Ni': '0.23', 'Fe': '0.13', 'Mn': '0.63', 'O': '2.0'}]",98.86318,Cath,60.0,,,
SVO,"[{'S': '1.0', 'V': '1.0', 'O': '1.0'}]",99.0005,Cath,250.0,1.5,,
Si / Co / C,"[{'Si': '1.0'}, {'Co': '1.0'}, {'C': '1.0'}]",99.029,Anod,610.0,,,
Na0.5Ni0.25Mn0.75O2,"[{'Na': '0.5', 'Ni': '0.25', 'Mn': '0.75', 'O': '2.0'}]",99.36975,Cath,180.0,,,
FeS @ C,"[{'Fe': '1.0', 'S': '1.0'}, {'C': '1.0'}]",99.916,Anod,294.6,,,
Na0.67Ni0.25Mg0.1Mn0.65O2,"[{'Na': '0.67', 'Ni': '0.25', 'Mg': '0.1', 'Mn': '0.65', 'O': '2.0'}]",100.21475,Cath,63.0,,,
,,100.3264,,,4.5,,
Na0.80Li0.12Ni0.22Mn0.66O2,"[{'Na': '0.8', 'Li': '0.12', 'Ni': '0.22', 'Mn': '0.66', 'O': '2.0'}]",100.39434,Cath,118.0,4.2,,
Si / Ge,"[{'Si': '1.0'}, {'Ge': '1.0'}]",100.715,Anod,1720.0,,98.0,
Na0.6MnO2,"[{'Na': '0.6', 'Mn': '1.0', 'O': '2.0'}]",100.73,Cath,200.0,4.3,,
,,101.0774,,,4.2,,
,,101.0827458,,,,93.0,
KOH / CNF,"[{'K': '1.0', 'O': '1.0', 'H': '1.0'}, {'C': '1.0', 'N': '1.0', 'F': '1.0'}]",101.121,Anod,122.0,,,
Na0.6Co0.1Mn0.9O2,"[{'Na': '0.6', 'Co': '0.1', 'Mn': '0.9', 'O': '2.0'}]",101.1295,Cath,187.0,,,
Na0.75Mn0.7Ni0.23O2,"[{'Na': '0.75', 'Mn': '0.7', 'Ni': '0.23', 'O': '2.0'}]",101.19649,Cath,268.0,3.6,43.0,
,,101.253,,,0.075,100.0,
TiOF2,"[{'Ti': '1.0', 'O': '1.0', 'F': '2.0'}]",101.862,Anod,205.0,,,
VOCl,"[{'V': '1.0', 'O': '1.0', 'Cl': '1.0'}]",102.3905,Cath,124.7,,,
Li / CuS,"[{'Li': '1.0'}, {'Cu': '1.0', 'S': '1.0'}]",102.546,Cath,561.0,,,
Na0.67Fe0.5Mn0.5O2,"[{'Na': '0.67', 'Fe': '0.5', 'Mn': '0.5', 'O': '2.0'}]",102.7928,Cath,136.7,,,
CNT / CoS @ C,"[{'Co': '1.0', 'S': '1.0', 'C': '1.0'}]",103.004,Anod,341.0,3.0,99.6,
Na0.7MnO2,"[{'Na': '0.7', 'Mn': '1.0', 'O': '2.0'}]",103.029,Cath,140.9,3.9,,
Na0.67Co0.25Mn0.65Cr0.10O2,"[{'Na': '0.67', 'Co': '0.25', 'Mn': '0.65', 'Cr': '0.1', 'O': '2.0'}]",103.04385,Cath,86.0,,,
Na0.67Co0.25Mn0.75O2,"[{'Na': '0.67', 'Co': '0.25', 'Mn': '0.75', 'O': '2.0'}]",103.33805,Cath,52.79,2.4,,
Na0.8Li0.1Ni0.31Mn0.62O2,"[{'Na': '0.8', 'Li': '0.1', 'Ni': '0.31', 'Mn': '0.62', 'O': '2.0'}]",103.34039,Cath,80.0,4.4,76.0,
Na0.67Ni0.33Mn0.67O2,"[{'Na': '0.67', 'Ni': '0.33', 'Mn': '0.67', 'O': '2.0'}]",103.57845000000002,Cath,140.0,4.5,,
GeP,"[{'Ge': '1.0', 'P': '1.0'}]",103.604,Anod,520.0,2.5,78.0,
Na0.67Mn0.65Ni0.2Co0.15O2,"[{'Na': '0.67', 'Mn': '0.65', 'Ni': '0.2', 'Co': '0.15', 'O': '2.0'}]",103.68955,Cath,93.0,1.5,,
OH-S @ MnO2,"[{'O': '1.0', 'H': '1.0'}, {'Mn': '1.0', 'O': '2.0'}]",103.943,Cath,1155.0,2.35,100.0,
Na0.66Co0.5Mn0.5O2,"[{'Na': '0.66', 'Co': '0.5', 'Mn': '0.5', 'O': '2.0'}]",104.1069,Cath,156.1,,,
Li1.4Ni0.3Mn0.7O2.4,"[{'Li': '1.4', 'Ni': '0.3', 'Mn': '0.7', 'O': '2.4'}]",104.1781,Cath,329.6,4.3,,
,,104.1908,,,4.1,,
Li2NiO2,"[{'Li': '2.0', 'Ni': '1.0', 'O': '2.0'}]",104.571,Cath,337.0,,,
GeO2,"[{'Ge': '1.0', 'O': '2.0'}]",104.628,Anod,165.0,,99.0,
,,104.861,,,1.0,,
SiO2 @ CNF,"[{'Si': '1.0', 'O': '2.0'}, {'C': '1.0', 'N': '1.0', 'F': '1.0'}]",105.099,Anod,817.0,,,
Na0.95Cr0.95Ti0.05O2,"[{'Na': '0.95', 'Cr': '0.95', 'Ti': '0.05', 'O': '2.0'}]",105.62805,Cath,104.0,,,
,,105.8255,,,3.4,,
LiVO3,"[{'Li': '1.0', 'V': '1.0', 'O': '3.0'}]",105.8785,Cath,250.0,,,
Li1.5Ni0.25Mn0.75O2.5,"[{'Li': '1.5', 'Ni': '0.25', 'Mn': '0.75', 'O': '2.5'}]",106.28425,Cath,20.0,,,
K0.5MnO2,"[{'K': '0.5', 'Mn': '1.0', 'O': '2.0'}]",106.485,Cath,110.0,1.5,,
K0.45Mn0.5Co0.5O2,"[{'K': '0.45', 'Mn': '0.5', 'Co': '0.5', 'O': '2.0'}]",106.5276,Cath,83.0,3.9,,
NbN,"[{'Nb': '1.0', 'N': '1.0'}]",106.913,Anod,300.0,,,9.6
K0.5[Mn0.8Fe0.1Ni0.1]O2,"[{'K': '0.5', 'Mn': '0.8', 'Fe': '0.1', 'Ni': '0.1', 'O': '2.0'}]",106.9512,Cath,120.0,3.9,,
NaCrO2,"[{'Na': '1.0', 'Cr': '1.0', 'O': '2.0'}]",106.984,Cath,123.0,3.0,55.0,0.47
Na0.7CoO2,"[{'Na': '0.7', 'Co': '1.0', 'O': '2.0'}]",107.024,Cath,100.0,,,
,,107.2539,,,,100.0,
FeOCl,"[{'Fe': '1.0', 'O': '1.0', 'Cl': '1.0'}]",107.294,Cath,155.0,3.5,,
Li2S / KB / C,"[{'Li': '2.0', 'S': '1.0'}, {'K': '1.0', 'B': '1.0'}, {'C': '1.0'}]",107.859,Cath,400.0,2.1,100.0,
Zn0.76Co0.24S @ C,"[{'Zn': '0.76', 'Co': '0.24', 'S': '1.0'}, {'C': '1.0'}]",107.90372,Anod,579.0,,,
NVP / C,"[{'N': '1.0', 'V': '1.0', 'P': '1.0'}, {'C': '1.0'}]",107.9335,Cath,101.0,2.2,99.0,
Na0.74CoO2,"[{'Na': '0.74', 'Co': '1.0', 'O': '2.0'}]",107.9436,Cath,107.0,,,
Si @ TiO2,"[{'Si': '1.0'}, {'Ti': '1.0', 'O': '2.0'}]",107.95,Anod,2726.1,2.5,,
CS3,"[{'C': '1.0', 'S': '3.0'}]",108.191,Cath,238.1,,,
NaNi0.5Ti0.5O2,"[{'Na': '1.0', 'Ni': '0.5', 'Ti': '0.5', 'O': '2.0'}]",108.268,Cath,82.0,,,
Na @ NaPS-3,"[{'Na': '1.0'}, {'Na': '1.0', 'P': '1.0', 'S': '1.0'}]",109.014,Anod,106.0,,,
,,109.424,,,3.8,,
ZnS / C,"[{'Zn': '1.0', 'S': '1.0'}, {'C': '1.0'}]",109.451,Anod,268.0,0.05,,
LTO,"[{'Li': '2.0', 'Ti': '1.0', 'O': '3.0'}]",109.744,Anod,161.0,0.8,91.0,
,,109.926,,,1.1,,
Na0.67Ni0.33Mn0.57Sn0.1O2,"[{'Na': '0.67', 'Ni': '0.33', 'Mn': '0.57', 'Sn': '0.1', 'O': '2.0'}]",109.95565,Cath,155.2,2.0,,
,,110.005,,,1.5,,
NaNi0.35Mn0.35Fe0.3O2,"[{'Na': '1.0', 'Ni': '0.35', 'Mn': '0.35', 'Fe': '0.3', 'O': '2.0'}]",111.51235,Cath,300.0,,,
NaNi0.5Mn0.5O2,"[{'Na': '1.0', 'Ni': '0.5', 'Mn': '0.5', 'O': '2.0'}]",111.8035,Cath,125.0,1.0,,
S @ TiO2 / GA-1,"[{'S': '1.0', 'Ti': '1.0', 'O': '2.0'}]",111.925,Cath,869.0,,,
Fe0.92Mn0.08Si2,"[{'Fe': '0.92', 'Mn': '0.08', 'Si': '2.0'}]",111.94244,Anod,210.0,,,
TiS2,"[{'Ti': '1.0', 'S': '2.0'}]",111.987,Cath,120.0,2.5,,
NaNi0.5Fe0.5O2,"[{'Na': '1.0', 'Ni': '0.5', 'Fe': '0.5', 'O': '2.0'}]",112.257,Cath,189.0,4.2,,
FeF3,"[{'Fe': '1.0', 'F': '3.0'}]",112.839,Cath,237.0,1.5,,
PVP,"[{'P': '2.0', 'V': '1.0'}]",112.8895,Cath,200.0,,95.6,
Na[Ni0.6Co0.2Mn0.2]O2,"[{'Na': '1.0', 'Ni': '0.6', 'Co': '0.2', 'Mn': '0.2', 'O': '2.0'}]",112.978,Cath,151.0,,,
,,113.02070000000002,,,4.1,,
Fe0.9Co0.1F3Â·0.5H2O,"[{'Fe': '0.9', 'Co': '0.1', 'F': '3.0'}]",113.1478,Cath,85.0,,,
,,113.439,,,3.0,,
,,113.681,,,3.38,,
,,114.3898,,,2.7,,
,,114.778,,,0.86,,
NVPF,"[{'N': '1.0', 'V': '1.0', 'P': '1.0', 'F': '1.0'}]",114.9205,Cath,115.0,3.3,,
VS2,"[{'V': '1.0', 'S': '2.0'}]",115.0615,Cath,1374.0,1.5,94.0,
FeCO3,"[{'Fe': '1.0', 'C': '1.0', 'O': '3.0'}]",115.853,Anod,1796.0,,,
Ni0.25Mn0.75CO3,"[{'Ni': '0.25', 'Mn': '0.75', 'C': '1.0', 'O': '3.0'}]",115.88475,Anod,1012.0,,,
,,115.953,,,,99.0,
,,116.639,,,,82.0,
Li2MnO3,"[{'Li': '2.0', 'Mn': '1.0', 'O': '3.0'}]",116.815,Cath,35.0,3.28,,
NiCo,"[{'Ni': '1.0', 'Co': '1.0'}]",117.626,Cath,105.0,,,
B2S3,"[{'B': '2.0', 'S': '3.0'}]",117.8,Anod,437.0,,,
Li5AlSi2,"[{'Li': '5.0', 'Al': '1.0', 'Si': '2.0'}]",117.852,Anod,900.0,,,
,,118.431,,,1.83,,
,,118.934,,,1.382,,
CoCO3,"[{'Co': '1.0', 'C': '1.0', 'O': '3.0'}]",118.941,Anod,1008.0,0.96,75.2,
S @ MnO2,"[{'S': '1.0'}, {'Mn': '1.0', 'O': '2.0'}]",118.996,Cath,760.0,2.1,,
CuFe-500,"[{'Cu': '1.0', 'Fe': '1.0'}]",119.391,Anod,194.6,,,
TiO2-NWs-C / Si / C,"[{'Ti': '1.0', 'O': '2.0'}, {'Si': '1.0'}, {'C': '1.0'}]",119.96099999999998,Anod,2200.0,,,
Si / C @ TiO2,"[{'Si': '1.0'}, {'C': '1.0', 'Ti': '1.0', 'O': '2.0'}]",119.961,Anod,1048.0,3.1,,
FeS2,"[{'Fe': '1.0', 'S': '2.0'}]",119.965,Cath,140.6,1.7,,
MoC / C,"[{'Mo': '1.0', 'C': '1.0'}, {'C': '1.0'}]",119.972,Anod,742.0,,,
LiMnBO3,"[{'Li': '1.0', 'Mn': '1.0', 'B': '1.0', 'O': '3.0'}]",120.685,Cath,222.0,2.5,,
PVK,"[{'P': '1.0', 'V': '1.0', 'K': '1.0'}]",121.0135,Cath,61.0,4.2,,
ZnS / C @ C,"[{'Zn': '1.0', 'S': '1.0'}, {'C': '2.0'}]",121.462,Anod,751.0,,,
LTO / C,"[{'Li': '2.0', 'Ti': '1.0', 'O': '3.0'}, {'C': '1.0'}]",121.755,Anod,105.6,,,
MnVO,"[{'Mn': '1.0', 'V': '1.0', 'O': '1.0'}]",121.8785,Anod,752.0,0.2,37.9,
Ni / Cu,"[{'Ni': '1.0'}, {'Cu': '1.0'}]",122.239,Cath,40.0,2.6,,
,,122.479,,,2.5,92.0,
LiMn0.5Co0.5BO3,"[{'Li': '1.0', 'Mn': '0.5', 'Co': '0.5', 'B': '1.0', 'O': '3.0'}]",122.6825,Cath,110.0,,,
,,122.768,,,,65.14,
NiS2-40,"[{'Ni': '1.0', 'S': '2.0'}]",122.813,Cath,794.0,0.5,,
CoS2,"[{'Co': '1.0', 'S': '2.0'}]",123.053,Cath,835.0,,,
Li(Fe0.5Co0.5)BO3,"[{'Li': '1.0', 'Fe': '0.5', 'Co': '0.5', 'B': '1.0', 'O': '3.0'}]",123.136,Cath,120.0,,,
,,123.222,,,1.08,,
HPHC / Se,"[{'H': '2.0', 'P': '1.0', 'C': '1.0'}, {'Se': '1.0'}]",123.972,Cath,458.0,,,
NCF / Se,"[{'N': '1.0', 'C': '1.0', 'F': '1.0'}, {'Se': '1.0'}]",123.987,Cath,235.0,,,
Si @ AlF3 @ C,"[{'Si': '1.0'}, {'Al': '1.0', 'F': '3.0'}, {'C': '1.0'}]",124.072,Anod,1600.0,,,
Sulfur / C3N4,"[{'S': '1.0'}, {'C': '3.0', 'N': '4.0'}]",124.121,Cath,720.0,2.1,,
LiCoBO3,"[{'Li': '1.0', 'Co': '1.0', 'B': '1.0', 'O': '3.0'}]",124.68,Cath,98.0,4.0,,
S @ Ni(OH)2,"[{'S': '1.0'}, {'O': '2.0', 'H': '2.0', 'Ni': '1.0'}]",124.767,Cath,523.0,3.0,,
,,124.846,,,1.5,,
FeF3 / C,"[{'Fe': '1.0', 'F': '3.0'}, {'C': '1.0'}]",124.85,Cath,710.0,1.5,,
B2O3 / Fe,"[{'B': '2.0', 'O': '3.0'}, {'Fe': '1.0'}]",125.462,Anod,800.0,,,
Fe2N @ AC @ rGO,"[{'Fe': '2.0', 'N': '1.0'}]",125.697,Anod,303.0,,,
LiMnO4,"[{'Li': '1.0', 'Mn': '1.0', 'O': '4.0'}]",125.874,Cath,60.0,,,
,,126.053,,,0.6,,
,,126.745,,,0.24,,
NVPF @ C,"[{'N': '1.0', 'V': '1.0', 'P': '1.0', 'F': '1.0'}, {'C': '1.0'}]",126.9315,Cath,130.0,4.3,,
,,127.732,,,0.09,,
FeHCCo,"[{'Fe': '1.0', 'H': '1.0', 'C': '1.0', 'Co': '1.0'}]",127.797,Cath,116.0,,99.6,
MoO2,"[{'Mo': '1.0', 'O': '2.0'}]",127.948,Anod,523.0,0.35,,
MoS,"[{'Mo': '1.0', 'S': '1.0'}]",128.01,Cath,170.0,,,
,,128.785,,,2.92,,
Co0.85Se @ rGO,"[{'Co': '0.85', 'Se': '1.0'}]",129.06405,Anod,460.0,,,
,,129.59300000000002,,,2.6,,
MnO2 / o-CP,"[{'Mn': '1.0', 'O': '2.0'}, {'C': '1.0', 'P': '1.0'}]",129.921,Cath,180.0,,,
Sn / C,"[{'Sn': '1.0'}, {'C': '1.0'}]",130.721,Anod,425.0,2.0,80.1,
,,130.767,,,0.4,,
NVOPF / rGO,"[{'N': '1.0', 'V': '1.0', 'O': '1.0', 'P': '1.0', 'F': '1.0'}]",130.9195,Cath,87.2,,,
S @ MnO2 @ C,"[{'S': '1.0'}, {'Mn': '1.0', 'O': '2.0'}, {'C': '1.0'}]",131.007,Cath,703.3,,,
MnSiO3,"[{'Mn': '1.0', 'Si': '1.0', 'O': '3.0'}]",131.01999999999998,Anod,244.6,,,
VB2 / Ni,"[{'V': '1.0', 'B': '2.0'}, {'Ni': '1.0'}]",131.2545,Anod,2700.0,0.7,85.6,
FeS2 @ C,"[{'Fe': '1.0', 'S': '2.0'}, {'C': '1.0'}]",131.976,Cath,893.0,,,
LiMnBO3 / C,"[{'Li': '1.0', 'Mn': '1.0', 'B': '1.0', 'O': '3.0'}, {'C': '1.0'}]",132.696,Cath,120.0,4.5,,
Li2MnO4,"[{'Li': '2.0', 'Mn': '1.0', 'O': '4.0'}]",132.814,Cath,83.0,,,
YS-Fe2O3 @ C,"[{'Y': '1.0', 'S': '1.0'}, {'C': '1.0'}]",132.977,Anod,986.0,,74.6,
RuO2,"[{'Ru': '1.0', 'O': '2.0'}]",133.06799999999998,Anod,1130.0,0.81,99.0,
NiO / Ni / C-F,"[{'Ni': '1.0', 'O': '1.0'}, {'Ni': '1.0'}]",133.385,Anod,793.0,,,
LiFeBO3 / C,"[{'Li': '1.0', 'Fe': '1.0', 'B': '1.0', 'O': '3.0'}, {'C': '1.0'}]",133.603,Cath,69.0,,,
Sb / C,"[{'Sb': '1.0'}, {'C': '1.0'}]",133.77100000000002,Anod,650.0,,,
Co / CoO,"[{'Co': '1.0'}, {'Co': '1.0', 'O': '1.0'}]",133.865,Cath,500.0,,,
,,134.43,,,3.15,,
SnO,"[{'Sn': '1.0', 'O': '1.0'}]",134.709,Anod,1000.0,1.0,,
,,134.816,,,3.0,,
NiS2 / C,"[{'Ni': '1.0', 'S': '2.0'}, {'C': '1.0'}]",134.824,Cath,315.0,1.6,,
NaMnF3,"[{'Na': '1.0', 'Mn': '1.0', 'F': '3.0'}]",134.922,Cath,150.0,3.84,,
CoS2 / C,"[{'Co': '1.0', 'S': '2.0'}, {'C': '1.0'}]",135.064,Cath,805.0,,,
,,135.58420429999998,,,2.5,,
,,135.7564,,,,93.0,
Li3VO4 / CâNi,"[{'Li': '3.0', 'V': '1.0', 'O': '4.0'}]",135.7575,Anod,325.0,3.0,,
NaFeF3,"[{'Na': '1.0', 'Fe': '1.0', 'F': '3.0'}]",135.829,Cath,50.0,3.1,,
Si / Ag,"[{'Si': '1.0'}, {'Ag': '1.0'}]",135.955,Anod,1420.0,,83.4,
Na0.5NbO2,"[{'Na': '0.5', 'Nb': '1.0', 'O': '2.0'}]",136.399,Cath,68.3,,,
,,136.75,,,0.45,,
,,137.708,,,3.0,,
LiFeO4 / C,"[{'Li': '1.0', 'Fe': '1.0', 'O': '4.0'}, {'C': '1.0'}]",138.792,Cath,244.8,,,
NaCoF3,"[{'Na': '1.0', 'Co': '1.0', 'F': '3.0'}]",138.917,Cath,38.0,,,
,,139.743,,,2.5,,
MoO2 / C,"[{'Mo': '1.0', 'O': '2.0'}, {'C': '1.0'}]",139.959,Anod,1290.0,,43.2,
KVPF,"[{'K': '1.0', 'V': '1.0', 'P': '1.0', 'F': '1.0'}]",140.0115,Cath,84.0,3.4,,
Silicon nitride,"[{'Si': '3.0', 'N': '4.0'}]",140.283,Anod,95.0,,,
Sodium titanate,"[{'Na': '2.0', 'Ti': '1.0', 'O': '3.0'}]",141.844,Anod,150.0,2.5,,
,,141.881,,,1.18,,
Fe2P-Fum-C,"[{'Fe': '2.0', 'P': '1.0'}]",142.664,Anod,439.0,,,
NiSi2 / Si,"[{'Ni': '1.0', 'Si': '2.0'}, {'Si': '1.0'}]",142.948,Anod,477.0,,,
,,143.013,,,0.2,,
SeS2,"[{'Se': '1.0', 'S': '2.0'}]",143.091,Cath,395.0,0.5,,
LiZnBO3 / C,"[{'Li': '1.0', 'Zn': '1.0', 'B': '1.0', 'O': '3.0'}, {'C': '1.0'}]",143.138,Anod,658.0,,,
,,143.32,,,1.75,,
FeC2O4,"[{'Fe': '1.0', 'C': '2.0', 'O': '4.0'}]",143.863,Anod,946.0,,,
MoO3,"[{'Mo': '1.0', 'O': '3.0'}]",143.947,Anod,22.0,2.05,69.5,
Si0.8Sb,"[{'Si': '0.8', 'Sb': '1.0'}]",144.228,Anod,862.7,,,
Mo0.8Si0.2P2,"[{'Mo': '0.8', 'Si': '0.2', 'P': '2.0'}]",144.32500000000002,Anod,730.0,,,
ZnSe-NC,"[{'Zn': '1.0', 'Se': '1.0'}]",144.351,Anod,592.0,,,
(MoO3)0.98(V2O5)0.02,"[{'Mo': '0.98', 'O': '3.04', 'V': '0.04'}]",144.70561999999998,Cath,280.6,,,
Ru @ HPC,"[{'Ru': '1.0'}, {'H': '1.0', 'P': '1.0', 'C': '1.0'}]",145.063,Cath,1000.0,,,
MnO2 / Ni / PVDF,"[{'Mn': '1.0', 'O': '2.0'}, {'Ni': '1.0'}]",145.62900000000002,Anod,913.7,,,
VPO4,"[{'V': '1.0', 'P': '1.0', 'O': '4.0'}]",145.9115,Anod,887.3,,,
FeNiHCF,"[{'Fe': '1.0', 'Ni': '1.0', 'H': '1.0', 'C': '1.0', 'F': '1.0'}]",146.55499999999998,Cath,106.0,,,
Si / Sn,"[{'Si': '1.0'}, {'Sn': '1.0'}]",146.795,Anod,1244.0,,,
CuCrO2,"[{'Cu': '1.0', 'Cr': '1.0', 'O': '2.0'}]",147.54,Anod,641.0,,,
S / CB @ Ni(OH)2,"[{'S': '1.0'}, {'O': '2.0', 'H': '2.0', 'C': '1.0', 'B': '1.0', 'Ni': '1.0'}]",147.58800000000002,Cath,810.0,,,
Li3VO4 / N-doped C,"[{'Li': '3.0', 'V': '1.0', 'O': '4.0'}, {'C': '1.0'}]",147.7685,Anod,472.0,,,
LiNbO3,"[{'Li': '1.0', 'Nb': '1.0', 'O': '3.0'}]",147.84300000000002,Anod,61.0,3.7,90.2,
Co @ PNCS-2,"[{'Co': '1.0'}, {'P': '1.0', 'N': '1.0', 'C': '1.0', 'S': '1.0'}]",147.985,Cath,4352.0,0.17,,
Li2NiF4-PEDOT,"[{'Li': '2.0', 'Ni': '1.0', 'F': '4.0'}]",148.565,Cath,393.0,,6.0,
NiCoP,"[{'Ni': '1.0', 'Co': '1.0', 'P': '1.0'}]",148.6,Anod,144.0,,,
,,148.84,,,3.5,,
,,148.909,,,3.69,,
,,149.839,,,1.5,,
V2O3 / rGO,"[{'V': '2.0', 'O': '3.0'}]",149.88,Anod,1393.2,0.1,100.0,
CoSe @ C,"[{'Co': '1.0', 'Se': '1.0'}, {'C': '1.0'}]",149.915,Cath,427.0,,95.0,
Ni / PCNFO-S,"[{'Ni': '1.0'}, {'P': '1.0', 'C': '1.0', 'N': '1.0', 'F': '1.0', 'O': '1.0'}]",150.682,Cath,675.0,0.16,99.0,
SnO2 / MXene,"[{'Sn': '1.0', 'O': '2.0'}]",150.708,Anod,736.0,0.8,82.9,
SnS,"[{'Sn': '1.0', 'S': '1.0'}]",150.76999999999998,Anod,439.0,1.15,68.0,0.0083
FePO4 / graphene,"[{'Fe': '1.0', 'P': '1.0', 'O': '4.0'}]",150.815,Cath,112.0,1.0,,
ZFO @ PPY,"[{'P': '2.0', 'Y': '1.0'}]",150.854,Anod,1346.0,,,
FeS2 @ CF-NS,"[{'Fe': '1.0', 'S': '2.0'}, {'C': '1.0', 'F': '1.0'}]",150.974,Anod,727.0,,,
Li2Ru0.75Mn0.25O3,"[{'Li': '2.0', 'Ru': '0.75', 'Mn': '0.25', 'O': '3.0'}]",151.414,Cath,230.0,,,
GeSe,"[{'Ge': '1.0', 'Se': '1.0'}]",151.601,Anod,707.12,,,
FeTiO3,"[{'Fe': '1.0', 'Ti': '1.0', 'O': '3.0'}]",151.709,Anod,142.4,,,
NIB,"[{'N': '1.0', 'I': '1.0', 'B': '1.0'}]",151.717,Anod,130.0,4.5,,
Cr2O3,"[{'Cr': '2.0', 'O': '3.0'}]",151.989,Anod,60.5,,,
Ge @ TiO2,"[{'Ge': '1.0'}, {'Ti': '1.0', 'O': '2.0'}]",152.49499999999998,Anod,1460.0,,,
NiTiO3,"[{'Ni': '1.0', 'Ti': '1.0', 'O': '3.0'}]",154.55700000000002,Anod,500.0,,,
CoTiO3,"[{'Co': '1.0', 'Ti': '1.0', 'O': '3.0'}]",154.797,Anod,520.0,,,
CaMnO3 / C,"[{'Ca': '1.0', 'Mn': '1.0', 'O': '3.0'}, {'C': '1.0'}]",155.024,Cath,3870.0,1.85,,
Co0.85Se / NC-X,"[{'Co': '0.85', 'Se': '1.0'}, {'N': '1.0', 'C': '1.0'}]",155.08205,Anod,776.6,3.0,67.54,
CNT / S / ZrO2,"[{'S': '1.0'}, {'Zr': '1.0', 'O': '2.0'}]",155.282,Cath,1138.0,,,
,,155.413,,,0.43,,
NP2-Si @ TiO2,"[{'N': '1.0', 'P': '2.0'}, {'Ti': '1.0', 'O': '2.0'}]",155.82,Anod,889.5,,,
MoO3 / C,"[{'Mo': '1.0', 'O': '3.0'}, {'C': '1.0'}]",155.958,Anod,500.0,,72.5,
LiMnPO4,"[{'Li': '1.0', 'Mn': '1.0', 'P': '1.0', 'O': '4.0'}]",156.848,Cath,100.0,4.0,,1e-09
LiMn0.8Fe0.2PO4,"[{'Li': '1.0', 'Mn': '0.8', 'Fe': '0.2', 'P': '1.0', 'O': '4.0'}]",157.0294,Cath,148.0,1.8,,
LiTi0.08Fe0.92PO4,"[{'Li': '1.0', 'Ti': '0.08', 'Fe': '0.92', 'P': '1.0', 'O': '4.0'}]",157.11676,Cath,160.0,2.0,,
LiMn0.7Fe0.3PO4-C,"[{'Li': '1.0', 'Mn': '0.7', 'Fe': '0.3', 'P': '1.0', 'O': '4.0'}]",157.1201,Cath,158.0,,,
LiMn0.21Fe0.79PO4,"[{'Li': '1.0', 'Mn': '0.21', 'Fe': '0.79', 'P': '1.0', 'O': '4.0'}]",157.56453000000002,Cath,108.45,,,
LiFePO4,"[{'Li': '1.0', 'Fe': '1.0', 'P': '1.0', 'O': '4.0'}]",157.755,Cath,56.7,0.2,84.3,5.0
Mn2O3,"[{'Mn': '2.0', 'O': '3.0'}]",157.873,Anod,1500.0,3.0,66.0,
PI-3,"[{'P': '1.0', 'I': '1.0'}]",157.874,Cath,522.0,4.4,,
MoP2,"[{'Mo': '1.0', 'P': '2.0'}]",157.898,Anod,1152.0,0.1,,
VPO4 @ C / graphene,"[{'V': '1.0', 'P': '1.0', 'O': '4.0', 'C': '1.0'}]",157.9225,Anod,1074.6,3.0,,
LiFe0.4Mn0.4Co0.2PO4 / C-based,"[{'Li': '1.0', 'Fe': '0.4', 'Mn': '0.4', 'Co': '0.2', 'P': '1.0', 'O': '4.0'}]",158.0098,Cath,163.3,5.0,,
,,158.02,,,3.85,,
KMnO4,"[{'K': '1.0', 'Mn': '1.0', 'O': '4.0'}]",158.032,Cath,243.5,2.8,,
LiFe3 / 4Co1 / 4PO4 / C,"[{'Li': '1.0', 'Fe': '0.75', 'Co': '0.25', 'P': '1.0', 'O': '4.0'}]",158.527,Cath,170.0,,,
,,158.96200000000002,,,3.0,,
Li0.99La0.01FePO4,"[{'Li': '0.99', 'La': '0.01', 'Fe': '1.0', 'P': '1.0', 'O': '4.0'}]",159.0747,Cath,123.0,,,
,,159.152,,,2.0,,
Fe1.7Mn0.3O3,"[{'Fe': '1.7', 'Mn': '0.3', 'O': '3.0'}]",159.4149,Anod,1000.0,,,
Li2.1Ru0.9Co0.1O3,"[{'Li': '2.1', 'Ru': '0.9', 'Co': '0.1', 'O': '3.0'}]",159.4273,Cath,250.0,3.6,,
Fe2O3-NA-1.5,"[{'Fe': '2.0', 'O': '3.0'}]",159.687,Anod,350.0,0.8,75.0,
Ru / Ni,"[{'Ru': '1.0'}, {'Ni': '1.0'}]",159.76299999999998,Cath,803.0,2.9,95.4,
MoS2,"[{'Mo': '1.0', 'S': '2.0'}]",160.07,Cath,453.0,0.45,100.0,
Li5.6Fe0.4Co0.6O4,"[{'Li': '5.6', 'Fe': '0.4', 'Co': '0.6', 'O': '4.0'}]",160.5578,Cath,200.0,,,
,,160.603,,,0.3,,
LiNi0.5Co0.5PO4,"[{'Li': '1.0', 'Ni': '0.5', 'Co': '0.5', 'P': '1.0', 'O': '4.0'}]",160.723,Cath,50.0,4.8,,
LiCoPO4,"[{'Li': '1.0', 'Co': '1.0', 'P': '1.0', 'O': '4.0'}]",160.84300000000002,Cath,100.0,5.0,,
CNT @ Li2MnSiO4,"[{'Li': '2.0', 'Mn': '1.0', 'Si': '1.0', 'O': '4.0'}]",160.899,Cath,67.0,2.2,,
,,161.374,,,3.0,99.5,
,,161.587,,,2.58,,
Li2FeSiO4,"[{'Li': '2.0', 'Fe': '1.0', 'Si': '1.0', 'O': '4.0'}]",161.806,Cath,94.0,4.2,,6e-14
V2O3 / C,"[{'V': '2.0', 'O': '3.0'}, {'C': '1.0'}]",161.891,Anod,1041.5,3.0,,
VOPO4,"[{'V': '1.0', 'O': '5.0', 'P': '1.0'}]",161.91049999999998,Cath,135.0,,,
SnO2 @ C,"[{'Sn': '1.0', 'O': '2.0'}, {'C': '1.0'}]",162.719,Anod,1032.0,0.9,98.0,
SnS / C,"[{'Sn': '1.0', 'S': '1.0'}, {'C': '1.0'}]",162.78099999999998,Anod,320.0,,,
Li2RuO3,"[{'Li': '2.0', 'Ru': '1.0', 'O': '3.0'}]",162.947,Cath,106.1,,,
,,164.261,,,3.9,,
Nickel oxide,"[{'Ni': '2.0', 'O': '3.0'}]",165.38299999999998,Anod,1111.08,1.5,,
Al-doped LiAl0.2Cr0.8TiO4,"[{'Li': '1.0', 'Al': '0.2', 'Cr': '0.8', 'Ti': '1.0', 'O': '4.0'}]",165.7962,Anod,123.0,,,
Cobalt oxide,"[{'Co': '2.0', 'O': '3.0'}]",165.863,Anod,1036.0,2.75,,
LiFe0.9Mg0.1PO4 / C,"[{'Li': '1.0', 'Fe': '0.9', 'Mg': '0.1', 'P': '1.0', 'O': '4.0'}, {'C': '1.0'}]",166.612,Cath,153.0,,,
,,166.67,,,3.5,,
MnO2 @ TiO2,"[{'Mn': '1.0', 'O': '2.0'}, {'Ti': '1.0', 'O': '2.0'}]",166.801,Anod,400.0,,,
Se / NPCP,"[{'Se': '1.0'}, {'N': '1.0', 'P': '2.0', 'C': '1.0'}]",166.937,Cath,307.8,,,
,,167.32,,,2.0,97.0,
,,167.424,,,,99.5,
Ti3C2 / S @ PDA,"[{'Ti': '3.0', 'C': '2.0'}]",167.623,Cath,160.0,2.1,,
C6O6 @ graphene,"[{'C': '6.0', 'O': '6.0'}]",168.06,Cath,155.0,1.5,,
PIB,"[{'P': '1.0', 'I': '1.0', 'B': '1.0'}]",168.684,Anod,250.0,0.7,,
LiVOPO4,"[{'Li': '1.0', 'V': '1.0', 'O': '5.0', 'P': '1.0'}]",168.85049999999998,Cath,89.7,0.66,,
LiMnPO4 / C,"[{'Li': '1.0', 'Mn': '1.0', 'P': '1.0', 'O': '4.0'}, {'C': '1.0'}]",168.859,Cath,137.4,4.5,,
Ammonium vanadate,"[{'N': '3.0', 'H': '12.0', 'V': '1.0', 'O': '4.0'}]",169.05450000000002,Cath,113.0,,,
LiMn0.7Fe0.3PO4 / C,"[{'Li': '1.0', 'Mn': '0.7', 'Fe': '0.3', 'P': '1.0', 'O': '4.0'}, {'C': '1.0'}]",169.1311,Cath,100.6,,,
LiMn0.6Fe0.4PO4 / C,"[{'Li': '1.0', 'Mn': '0.6', 'Fe': '0.4', 'P': '1.0', 'O': '4.0'}, {'C': '1.0'}]",169.2218,Cath,134.0,4.08,,
LiFe0.5Mn0.5PO4 / C,"[{'Li': '1.0', 'Fe': '0.5', 'Mn': '0.5', 'P': '1.0', 'O': '4.0'}, {'C': '1.0'}]",169.3125,Cath,66.77,,,
LiFePO4 / C,"[{'Li': '1.0', 'Fe': '1.0', 'P': '1.0', 'O': '4.0'}, {'C': '1.0'}]",169.766,Cath,156.0,3.3,,
SIB,"[{'S': '1.0', 'I': '1.0', 'B': '1.0'}]",169.77,Anod,110.0,4.0,,
MnO2 @ C @ MnO,"[{'Mn': '1.0', 'O': '2.0'}, {'C': '1.0'}, {'Mn': '1.0', 'O': '1.0'}]",169.884,Anod,483.5,3.0,76.4,
,,169.896,,,4.2,,
Te / CFC,"[{'Te': '1.0'}, {'C': '2.0', 'F': '1.0'}]",170.61999999999998,Cath,316.7,,,
Fe2Co-TPDC,"[{'Fe': '2.0', 'Co': '1.0'}]",170.623,Cath,900.0,,,
,,170.799,,,3.25,,
,,171.416,,,1.1,,
Fe2O3 @ C,"[{'Fe': '2.0', 'O': '3.0'}, {'C': '1.0'}]",171.698,Anod,854.0,,,
LiVPO4F,"[{'Li': '1.0', 'V': '1.0', 'P': '1.0', 'O': '4.0', 'F': '1.0'}]",171.84949999999998,Cath,139.1,4.1,,
,,171.881,,,,100.0,
MoS2 / C,"[{'Mo': '1.0', 'S': '2.0'}, {'C': '1.0'}]",172.081,Anod,462.8,3.0,99.0,
CeO2,"[{'Ce': '1.0', 'O': '2.0'}]",172.118,Cath,135.93,,,
MgFeSiO4,"[{'Mg': '1.0', 'Fe': '1.0', 'Si': '1.0', 'O': '4.0'}]",172.23100000000002,Cath,125.0,,,
LiNiPO4 @ C,"[{'Li': '1.0', 'Ni': '1.0', 'P': '1.0', 'O': '4.0'}, {'C': '1.0'}]",172.614,Cath,167.0,,,
LiNi0.5Co0.5PO4 / C,"[{'Li': '1.0', 'Ni': '0.5', 'Co': '0.5', 'P': '1.0', 'O': '4.0'}, {'C': '1.0'}]",172.734,Cath,74.0,4.71,,
LiCoPO4 / C,"[{'Li': '1.0', 'Co': '1.0', 'P': '1.0', 'O': '4.0'}, {'C': '1.0'}]",172.854,Cath,130.0,,,
,,172.889,,,1.6,,
CNT @ Li2MnSiO4 @ C,"[{'Li': '2.0', 'Mn': '1.0', 'Si': '1.0', 'O': '4.0'}, {'C': '1.0'}]",172.91,Cath,168.0,2.26,,
,,173.7237,,,4.8,,
NaFePO4,"[{'Na': '1.0', 'Fe': '1.0', 'P': '1.0', 'O': '4.0'}]",173.805,Cath,125.0,,,
Li2FeSiO4 / C,"[{'Li': '2.0', 'Fe': '1.0', 'Si': '1.0', 'O': '4.0'}, {'C': '1.0'}]",173.817,Cath,146.0,3.2,,
,,173.92149999999998,,,3.3,,
SnSe0.5S0.5-180,"[{'Sn': '1.0', 'Se': '0.5', 'S': '0.5'}]",174.22549999999998,Anod,923.0,,,
Copper oxide,"[{'Cu': '2.0', 'O': '3.0'}]",175.089,Anod,800.0,1.0,,
Li1.09Mn1.91O4,"[{'Li': '1.09', 'Mn': '1.91', 'O': '4.0'}]",176.49218,Cath,91.0,4.3,,
,,176.6186,,,3.5,,
LiFePO4F,"[{'Li': '1.0', 'Fe': '1.0', 'P': '1.0', 'O': '4.0', 'F': '1.0'}]",176.753,Cath,148.0,,,
,,176.893,,,4.4,,
LiFeSO4F0.56(OH)0.44,"[{'O': '4.44', 'H': '0.44', 'Li': '1.0', 'Fe': '1.0', 'S': '1.0', 'F': '0.56'}]",176.96296,Cath,98.4,,,
,,177.643,,,1.6,,
LiFeSO4F,"[{'Li': '1.0', 'Fe': '1.0', 'S': '1.0', 'O': '4.0', 'F': '1.0'}]",177.839,Cath,151.0,3.6,,
,,178.0164,,,3.0,,
MnP4,"[{'Mn': '1.0', 'P': '4.0'}]",178.834,Anod,350.0,,,
Si / PPY,"[{'Si': '1.0'}, {'P': '2.0', 'Y': '1.0'}]",178.93900000000002,Anod,1000.0,,,
,,178.96148000000002,,,4.0,,
VS4 @ rGO,"[{'V': '1.0', 'S': '4.0'}]",179.1815,Cath,180.0,1.82,,
LiAl0.05Mn1.95O4,"[{'Li': '1.0', 'Al': '0.05', 'Mn': '1.95', 'O': '4.0'}]",179.41420000000002,Cath,70.0,,,
SnSb0.5,"[{'Sn': '1.0', 'Sb': '0.5'}]",179.59,Anod,518.0,,,
FeS @ TiO2 @ C,"[{'Fe': '1.0', 'S': '1.0'}, {'Ti': '1.0', 'O': '2.0'}, {'C': '1.0'}]",179.78099999999998,Anod,384.0,3.0,,
Li1.01Mn1.99O4,"[{'Li': '1.01', 'Mn': '1.99', 'O': '4.0'}]",180.33202,Cath,120.0,,,
Si @ Si3N4 @ C,"[{'Si': '1.0'}, {'Si': '3.0', 'N': '4.0'}, {'C': '1.0'}]",180.379,Anod,1924.0,,,
,,180.453,,,2.0,,
,,180.507,,,1.0,,
LiCr0.1Mn1.9O4,"[{'Li': '1.0', 'Cr': '0.1', 'Mn': '1.9', 'O': '4.0'}]",180.5178,Cath,998.0,,,
LiNiVO4,"[{'Li': '1.0', 'Ni': '1.0', 'V': '1.0', 'O': '4.0'}]",180.5705,Cath,43.0,4.8,,
Li2SnO3,"[{'Li': '2.0', 'Sn': '1.0', 'O': '3.0'}]",180.587,Anod,956.3,,,
,,180.8105,,,,,1.16e-05
LiMn2O4,"[{'Li': '1.0', 'Mn': '2.0', 'O': '4.0'}]",180.812,Cath,126.0,3.0,96.2,
LiCu0.01Cr0.01Mn1.98O4,"[{'Li': '1.0', 'Cu': '0.01', 'Cr': '0.01', 'Mn': '1.98', 'O': '4.0'}]",180.86866,Cath,112.0,,,
LiFe0.2Mn1.8O4,"[{'Li': '1.0', 'Fe': '0.2', 'Mn': '1.8', 'O': '4.0'}]",180.9934,Cath,40.0,4.8,,
Li1.05Mn2O4,"[{'Li': '1.05', 'Mn': '2.0', 'O': '4.0'}]",181.159,Cath,30.0,,,
,,181.2655,,,5.3,,
LiMn1.99Nd0.01O4,"[{'Li': '1.0', 'Mn': '1.99', 'Nd': '0.01', 'O': '4.0'}]",181.70502,Cath,149.0,4.3,,
LiCr0.2Ni0.4Mn1.4O4,"[{'Li': '1.0', 'Cr': '0.2', 'Ni': '0.4', 'Mn': '1.4', 'O': '4.0'}]",181.7256,Cath,145.5,4.0,,
LiLa0.01Zn0.01Mn1.98O4,"[{'Li': '1.0', 'La': '0.01', 'Zn': '0.01', 'Mn': '1.98', 'O': '4.0'}]",181.75614,Cath,118.0,,,
LiZn0.10Mn1.90O4,"[{'Li': '1.0', 'Zn': '0.1', 'Mn': '1.9', 'O': '4.0'}]",181.8562,Cath,71.0,,,
V2O5-YS,"[{'V': '2.0', 'O': '5.0'}]",181.878,Cath,295.3,1.5,83.0,0.001
LiFe0.25Ni0.25Mn1.5O4,"[{'Li': '1.0', 'Fe': '0.25', 'Ni': '0.25', 'Mn': '1.5', 'O': '4.0'}]",181.9775,Cath,0.05,,,
,,182.0198,,,5.0,,
Cu / Sn,"[{'Cu': '1.0'}, {'Sn': '1.0'}]",182.256,Anod,430.0,,100.0,
LiNi0.4Mn1.6O4,"[{'Li': '1.0', 'Ni': '0.4', 'Mn': '1.6', 'O': '4.0'}]",182.314,Cath,146.0,5.0,,
,,182.35465,,,5.3,,
LiNi0.5Mn1.5O4,"[{'Li': '1.0', 'Ni': '0.5', 'Mn': '1.5', 'O': '4.0'}]",182.6895,Cath,136.0,5.0,99.98,0.0068
S / SnO2 / C-HS,"[{'S': '1.0'}, {'Sn': '1.0', 'O': '2.0'}]",182.768,Cath,766.0,,,
LiMn1.5Co0.5O4,"[{'Li': '1.0', 'Mn': '1.5', 'Co': '0.5', 'O': '4.0'}]",182.8095,Cath,576.05,,,
SnS2,"[{'Sn': '1.0', 'S': '2.0'}]",182.83,Anod,472.78,0.6,98.0,
,,183.0778,,,2.63,,
K0.25Mn2O4,"[{'K': '0.25', 'Mn': '2.0', 'O': '4.0'}]",183.6465,Cath,124.0,,,
LiVPO4F / C,"[{'Li': '1.0', 'V': '1.0', 'P': '1.0', 'O': '4.0', 'F': '1.0'}, {'C': '1.0'}]",183.8605,Cath,107.0,4.5,,
Cr2O5,"[{'Cr': '2.0', 'O': '5.0'}]",183.987,Cath,270.0,,,
Cu0.04V2O5,"[{'Cu': '0.04', 'V': '2.0', 'O': '5.0'}]",184.41984,Cath,260.0,,,
LiMn1.5Ni0.46Rh0.04O4,"[{'Li': '1.0', 'Mn': '1.5', 'Ni': '0.46', 'Rh': '0.04', 'O': '4.0'}]",184.45818,Cath,153.0,,,
,,184.618,,,3.13,,
Al / LiFePO4,"[{'Al': '1.0'}, {'Li': '1.0', 'Fe': '1.0', 'P': '1.0', 'O': '4.0'}]",184.737,Cath,70.0,,,
Li2CrMnO4,"[{'Li': '2.0', 'Cr': '1.0', 'Mn': '1.0', 'O': '4.0'}]",184.81,Cath,25.0,,,
,,184.9005,,,3.34,,
LiMn1.4Ni0.55Mo0.05O4,"[{'Li': '1.0', 'Mn': '1.4', 'Ni': '0.55', 'Mo': '0.05', 'O': '4.0'}]",184.92785,Cath,68.5,4.7,,
LiLa0.05Mn1.95O4,"[{'Li': '1.0', 'La': '0.05', 'Mn': '1.95', 'O': '4.0'}]",185.0106,Cath,106.0,,,
LiCe0.05Mn1.95O4,"[{'Li': '1.0', 'Ce': '0.05', 'Mn': '1.95', 'O': '4.0'}]",185.0711,Cath,71.0,,,
LiCo1.09Mn0.91O4,"[{'Li': '1.0', 'Co': '1.09', 'Mn': '0.91', 'O': '4.0'}]",185.16655,Cath,131.2,3.2,,
,,185.306,,,1.0,,
K0.08Cu0.92O1âÎ³ @ Ag,"[{'K': '0.08', 'Cu': '0.92', 'O': '1.0'}, {'Ag': '1.0'}]",185.45916,Anod,804.3,,,
SbS2 / graphene,"[{'Sb': '1.0', 'S': '2.0'}]",185.88,Anod,730.0,,,
SnSe0.5S0.5 / C,"[{'Sn': '1.0', 'Se': '0.5', 'S': '0.5'}, {'C': '1.0'}]",186.2365,Anod,437.0,3.0,70.0,
,,186.541,,,5.3,,
Ni / MoO2âÎ´,"[{'Ni': '1.0'}, {'Mo': '1.0', 'O': '2.0'}]",186.641,Anod,1630.9,,,
Fe0.5TiOPO4,"[{'Fe': '0.5', 'Ti': '1.0', 'O': '5.0', 'P': '1.0'}]",186.7585,Anod,200.0,4.0,,
Li2CoPO4F,"[{'Li': '2.0', 'Co': '1.0', 'P': '1.0', 'O': '4.0', 'F': '1.0'}]",186.781,Cath,136.0,2.0,,
Li2MnSiO4 / NC-2,"[{'Li': '2.0', 'Mn': '1.0', 'Si': '1.0', 'O': '4.0'}, {'N': '1.0', 'C': '1.0'}]",186.917,Cath,263.1,,,
TiO2 / Ti2C,"[{'Ti': '1.0', 'O': '2.0'}, {'Ti': '2.0', 'C': '1.0'}]",187.61,Cath,227.3,,,
,,187.758,,,1.57,,
P4O4,"[{'P': '4.0', 'O': '4.0'}]",187.892,Cath,570.58,,,
,,187.8995,,,0.8,,
,,188.114,,,3.6,,
Cu0.1V2O5,"[{'Cu': '0.1', 'V': '2.0', 'O': '5.0'}]",188.2326,Cath,180.0,,,
Na0.282V2O5,"[{'Na': '0.282', 'V': '2.0', 'O': '5.0'}]",188.36118,Cath,164.0,,,
GeO2 / Ge / C,"[{'Ge': '1.0', 'O': '2.0'}, {'Ge': '1.0'}, {'C': '1.0'}]",189.269,Anod,1860.0,,,
,,189.4647,,,0.3,,
CoSn @ C,"[{'Co': '1.0', 'Sn': '1.0'}, {'C': '1.0'}]",189.654,Anod,231.3,0.2,,
,,189.6995,,,2.4,,
KFePO4,"[{'K': '1.0', 'Fe': '1.0', 'P': '1.0', 'O': '4.0'}]",189.913,Cath,156.0,,,
Ni3NâCo3N @ CNT,"[{'Ni': '3.0', 'N': '1.0'}]",190.086,Anod,622.0,,,
Mg2FeH6-G / TiO2,"[{'Mg': '2.0', 'Fe': '1.0', 'H': '6.0'}, {'Ti': '1.0', 'O': '2.0'}]",190.368,Anod,412.0,,,
Li3FeF6 / CNTs,"[{'Li': '3.0', 'Fe': '1.0', 'F': '6.0'}]",190.653,Cath,80.0,2.9,,
,,190.804,,,1.5,,
,,190.87054,,,0.82,,
,,191.381,,,,5.03,
K0.25V2O5,"[{'K': '0.25', 'V': '2.0', 'O': '5.0'}]",191.6525,Cath,163.0,,,
RuO2 / Ni,"[{'Ru': '1.0', 'O': '2.0'}, {'Ni': '1.0'}]",191.761,Cath,1675.0,2.6,,
MoS2 / rGO / S,"[{'Mo': '1.0', 'S': '2.0'}, {'S': '1.0'}]",192.13,Cath,680.0,,,
5LMO-LTO / C,"[{'Li': '1.0', 'Mn': '2.0', 'O': '4.0'}, {'C': '1.0'}]",192.823,Anod,162.3,,,
Mn0.2V2O5Â·0.9H2O,"[{'Mn': '0.2', 'V': '2.0', 'O': '5.0'}]",192.8656,Cath,300.0,,,
Fe3N @ C,"[{'Fe': '3.0', 'N': '1.0'}, {'C': '1.0'}]",193.553,Anod,676.0,,,
Na2FeSiO4,"[{'Na': '2.0', 'Fe': '1.0', 'Si': '1.0', 'O': '4.0'}]",193.906,Cath,119.0,,,
,,194.267,,,2.2,,
,,194.7005,,,4.4,,
S / C @ SnO2,"[{'S': '1.0'}, {'C': '1.0', 'Sn': '1.0', 'O': '2.0'}]",194.779,Cath,1180.0,,,
,,194.806,,,0.91,,
SnS2 @ C,"[{'Sn': '1.0', 'S': '2.0'}, {'C': '1.0'}]",194.841,Anod,755.0,,62.5,
Fe1.5(PO4)(OH),"[{'P': '1.0', 'O': '5.0', 'H': '1.0', 'Fe': '1.5'}]",195.7445,Cath,135.0,4.2,,
Li4C6O6,"[{'Li': '4.0', 'C': '6.0', 'O': '6.0'}]",195.82,Cath,250.0,,,
,,195.851,,,0.864,,
,,196.357,,,0.31,,
Pd / PNCNF-2,"[{'Pd': '1.0'}, {'P': '1.0', 'N': '2.0', 'C': '1.0', 'F': '1.0'}]",196.417,Cath,1926.0,4.14,,
,,196.9115,,,2.8,,
Na2CoSiO4,"[{'Na': '2.0', 'Co': '1.0', 'Si': '1.0', 'O': '4.0'}]",196.994,Cath,98.0,,,
,,197.114,,,2.5,,
SnSe,"[{'Sn': '1.0', 'Se': '1.0'}]",197.681,Anod,271.0,1.0,,
K2FeO4,"[{'K': '2.0', 'Fe': '1.0', 'O': '4.0'}]",198.037,Cath,169.8,0.55,,
MgMn2O4,"[{'Mg': '1.0', 'Mn': '2.0', 'O': '4.0'}]",198.177,Cath,247.0,,,
Zn0.25V2O5Â·nH2O,"[{'Zn': '0.25', 'V': '2.0', 'O': '5.0'}]",198.223,Cath,220.0,,,
Li2CoPO4F / C,"[{'Li': '2.0', 'Co': '1.0', 'P': '1.0', 'O': '4.0', 'F': '1.0'}, {'C': '1.0'}]",198.792,Cath,127.0,,,
NaVPO4F / C,"[{'Na': '1.0', 'V': '1.0', 'P': '1.0', 'O': '4.0', 'F': '1.0'}, {'C': '1.0'}]",199.9105,Cath,80.0,1.0,,
MgFe2O4,"[{'Mg': '1.0', 'Fe': '2.0', 'O': '4.0'}]",199.991,Anod,727.0,0.4,,
,,200.089,,,3.0,,
SnP0.6S2,"[{'Sn': '1.0', 'P': '0.6', 'S': '2.0'}]",201.4144,Anod,404.0,,,
,,202.664,,,2.0,,
Mo2C,"[{'Mo': '2.0', 'C': '1.0'}]",203.911,Anod,155.0,3.5,,
,,204.231,,,0.89,,
Fe2O3 / CNF,"[{'Fe': '2.0', 'O': '3.0'}, {'C': '1.0', 'N': '1.0', 'F': '1.0'}]",204.703,Anod,515.1,,,
,,205.706,,,0.13,,
Cu2Se,"[{'Cu': '2.0', 'Se': '1.0'}]",206.063,Cath,120.0,0.2,,
Li2S6,"[{'Li': '2.0', 'S': '6.0'}]",206.24,Cath,610.8,0.19,,
Na1.5VPO4.8F0.7,"[{'Na': '1.5', 'V': '1.0', 'P': '1.0', 'O': '4.8', 'F': '0.7'}]",206.4943,Cath,946.0,3.3,,
Cu2O / Cu,"[{'Cu': '2.0', 'O': '1.0'}, {'Cu': '1.0'}]",206.637,Anod,315.0,,,
Fe2F5Â·H2O / rGO,"[{'Fe': '2.0', 'F': '5.0'}]",206.68,Cath,153.7,,,
Li0.5Fe2.5O4,"[{'Li': '0.5', 'Fe': '2.5', 'O': '4.0'}]",207.0785,Anod,650.0,,,
Pt / C,"[{'Pt': '1.0'}, {'C': '1.0'}]",207.091,Anod,400.0,1.4,,
SnP0.8S2,"[{'Sn': '1.0', 'P': '0.8', 'S': '2.0'}]",207.6092,Anod,1284.0,,,
Li3CrMnO5,"[{'Li': '3.0', 'Cr': '1.0', 'Mn': '1.0', 'O': '5.0'}]",207.749,Cath,200.0,4.3,,
RuO2 / NiO,"[{'Ru': '1.0', 'O': '2.0'}, {'Ni': '1.0', 'O': '1.0'}]",207.76,Cath,500.0,2.75,,
,,207.87,,,1.8,,
,,208.317,,,2.4,,
NaI / Ni,"[{'Na': '1.0', 'I': '1.0'}, {'Ni': '1.0'}]",208.58300000000003,Cath,126.0,2.605,100.0,
SnSe / C,"[{'Sn': '1.0', 'Se': '1.0'}, {'C': '1.0'}]",209.692,Anod,748.5,1.9,,
Na2C8H4O4,"[{'Na': '2.0', 'C': '8.0', 'H': '4.0', 'O': '4.0'}]",210.096,Anod,268.0,3.6,,
SiO2 @ SnO2 / rGO,"[{'Si': '1.0', 'O': '4.0', 'Sn': '1.0'}]",210.791,Anod,291.5,,,
NMC,"[{'Li': '1.0', 'Ni': '1.0', 'Mn': '1.0', 'Co': '1.0', 'O': '2.0'}]",211.502,Cath,125.0,3.7,99.0,
Hexacyanoferrate,"[{'C': '6.0', 'N': '6.0', 'Fe': '1.0'}]",211.953,Cath,60.0,0.127,75.0,
,,212.69845,,,,100.0,
RuO2 / mTiO2,"[{'Ru': '1.0', 'O': '2.0'}, {'Ti': '1.0', 'O': '2.0'}]",212.933,Cath,2000.0,4.0,,
Nickel sulfide,"[{'Ni': '2.0', 'S': '3.0'}]",213.566,Cath,800.0,,59.7,
NaTi2(PO4),"[{'P': '1.0', 'O': '4.0', 'Na': '1.0', 'Ti': '2.0'}]",213.694,Cath,102.0,,,
FeSe2âC / rGO,"[{'Fe': '1.0', 'Se': '2.0'}]",213.787,Anod,917.6,,52.55,
Cobalt sulphide,"[{'Co': '2.0', 'S': '3.0'}]",214.046,Anod,1000.0,,,
MnMoO4,"[{'Mn': '1.0', 'Mo': '1.0', 'O': '4.0'}]",214.884,Anod,800.0,,,
,,214.886,,,3.6,,
Na2FePO4F,"[{'Na': '2.0', 'Fe': '1.0', 'P': '1.0', 'O': '4.0', 'F': '1.0'}]",215.793,Cath,89.0,,,
CoSe2,"[{'Co': '1.0', 'Se': '2.0'}]",216.875,Anod,546.7,3.0,96.0,
,,217.614,,,0.2,,
Cu3Si-SCG,"[{'Cu': '3.0', 'Si': '1.0'}]",218.723,Anod,512.0,,,
CoMoO4,"[{'Co': '1.0', 'Mo': '1.0', 'O': '4.0'}]",218.879,Cath,1365.0,,,
S @ TiO2 / Ti2C,"[{'S': '1.0', 'Ti': '1.0', 'O': '2.0'}, {'Ti': '2.0', 'C': '1.0'}]",219.67,Cath,625.8,,,
,,220.0754,,,0.7,,
Li2MgSnO4,"[{'Li': '2.0', 'Mg': '1.0', 'Sn': '1.0', 'O': '4.0'}]",220.891,Anod,794.0,3.18,85.0,
Cu3P,"[{'Cu': '3.0', 'P': '1.0'}]",221.612,Cath,73.8,,,
TiP2O7,"[{'Ti': '1.0', 'P': '2.0', 'O': '7.0'}]",221.808,Anod,100.0,,90.0,
Manganese oxide,"[{'Mn': '2.0', 'O': '7.0'}]",221.86900000000003,Cath,308.0,2.5,,
CuO / Cu2O / Carbon,"[{'Cu': '1.0', 'O': '1.0'}, {'Cu': '2.0', 'O': '1.0'}]",222.636,Anod,491.0,,99.0,
,,222.85360000000003,,,0.02,,
Copper sulfide,"[{'Cu': '2.0', 'S': '3.0'}]",223.272,Cath,447.0,,,
SnP3 / C,"[{'Sn': '1.0', 'P': '3.0'}, {'C': '1.0'}]",223.643,Anod,810.0,,,
IrO2,"[{'Ir': '1.0', 'O': '2.0'}]",224.218,Cath,732.0,1.8,94.95,
CoSnO3âNC-120,"[{'Co': '1.0', 'Sn': '1.0', 'O': '3.0'}]",225.64,Anod,100.0,,,
FeSe2 / C,"[{'Fe': '1.0', 'Se': '2.0'}, {'C': '1.0'}]",225.798,Anod,364.5,,,
SnO2 @ C / Cu,"[{'Sn': '1.0', 'O': '2.0', 'C': '1.0'}, {'Cu': '1.0'}]",226.265,Anod,660.0,,,
HPC @ SnO2 / S,"[{'H': '1.0', 'P': '1.0', 'C': '1.0', 'Sn': '1.0', 'O': '2.0'}, {'S': '1.0'}]",226.761,Cath,800.0,,,
,,226.921,,,1.2,,
,,227.078,,,0.45,,
Mn3O4-G,"[{'Mn': '3.0', 'O': '4.0'}]",228.81000000000003,Anod,643.0,0.5,73.24,
CoSe2 @ C / CNTs,"[{'Co': '1.0', 'Se': '2.0', 'C': '1.0'}]",228.886,Anod,390.0,1.9,80.0,
,,229.87647,,,2.5,,
MnFe2O4,"[{'Mn': '1.0', 'Fe': '2.0', 'O': '4.0'}]",230.624,Anod,100.0,1.3,,
Mg2+ / Fâ co-doped LiNi0.5Mn1.5,"[{'Mg': '2.0'}, {'Li': '1.0', 'Ni': '0.5', 'Mn': '1.5', 'O': '4.0'}]",231.2995,Cath,115.0,,,
Fe3O4,"[{'Fe': '3.0', 'O': '4.0'}]",231.531,Anod,812.0,0.8,38.0,
Sn @ PVP-CX,"[{'Sn': '1.0'}, {'P': '2.0', 'V': '1.0'}]",231.5995,Anod,383.0,,,
Tungsten oxide,"[{'W': '1.0', 'O': '3.0'}]",231.837,Anod,481.0,4.5,74.5,
ZnSnO3,"[{'Zn': '1.0', 'Sn': '1.0', 'O': '3.0'}]",232.087,Anod,164.7,,35.1,
,,232.207,,,5.0,,
NiMn2O4 @ rGO-2,"[{'Ni': '1.0', 'Mn': '2.0', 'O': '4.0'}]",232.56500000000003,Anod,867.0,,61.7,
CoMn2O4,"[{'Co': '1.0', 'Mn': '2.0', 'O': '4.0'}]",232.805,Anod,706.0,0.02,98.5,
5 V LiNi0.5Mn1.5O4,"[{'V': '1.0', 'Li': '1.0', 'Ni': '0.5', 'Mn': '1.5', 'O': '4.0'}]",233.631,Cath,125.0,5.0,,
Fe(VI),"[{'V': '1.0', 'I': '1.0', 'Fe': '1.0'}]",233.6865,Cath,406.0,0.2,,
,,234.379,,,4.5,,
CoFe2O4,"[{'Co': '1.0', 'Fe': '2.0', 'O': '4.0'}]",234.619,Anod,1417.0,1.0,39.0,
CuO / Cu2O / C,"[{'Cu': '1.0', 'O': '1.0'}, {'Cu': '2.0', 'O': '1.0'}, {'C': '1.0'}]",234.647,Anod,400.0,,,
,,235.068725,,,3.2,,
Fe / Fe3CâCNF,"[{'Fe': '1.0'}, {'Fe': '3.0', 'C': '1.0'}]",235.391,Cath,1200.0,,,
LiNiPO4 @ CoO,"[{'Li': '1.0', 'Ni': '1.0', 'P': '1.0', 'O': '4.0'}, {'Co': '1.0', 'O': '1.0'}]",235.535,Cath,149.0,,,
Ga2S3 / C-PSM,"[{'Ga': '2.0', 'S': '3.0'}]",235.626,Anod,523.0,,,
LiTaO3âS,"[{'Li': '1.0', 'Ta': '1.0', 'O': '3.0'}]",235.887,Cath,1091.0,,97.4,
FeSi6 / C,"[{'Fe': '1.0', 'Si': '6.0'}, {'C': '1.0'}]",236.366,Anod,1758.0,0.4,,
MnCo2O4,"[{'Mn': '1.0', 'Co': '2.0', 'O': '4.0'}]",236.8,Anod,1433.3,0.85,,
,,237.707,,,2.67,,
Na3FeF6 / CNTs,"[{'Na': '3.0', 'Fe': '1.0', 'F': '6.0'}]",238.803,Cath,201.7,1.0,,
,,239.198,,,1.2,,
CuFe2O4,"[{'Cu': '1.0', 'Fe': '2.0', 'O': '4.0'}]",239.232,Anod,779.0,,65.0,
ZnMn2O4,"[{'Zn': '1.0', 'Mn': '2.0', 'O': '4.0'}]",239.252,Anod,622.7,,97.0,
LiFeAu0.02Mn1.98O4,"[{'Li': '1.0', 'Fe': '1.0', 'Au': '0.02', 'Mn': '1.98', 'O': '4.0'}]",239.49764,Cath,158.7,,,
GeP5 / C,"[{'Ge': '1.0', 'P': '5.0'}, {'C': '1.0'}]",239.511,Anod,800.0,0.7,100.0,
Fe2O3 @ TiO2,"[{'Fe': '2.0', 'O': '3.0'}, {'Ti': '1.0', 'O': '2.0'}]",239.552,Anod,753.7,,61.0,
CoLa0.06Fe1.94O4,"[{'Co': '1.0', 'La': '0.06', 'Fe': '1.94', 'O': '4.0'}]",239.6029,Anod,1698.0,,,
Ni3S2 / graphene,"[{'Ni': '3.0', 'S': '2.0'}]",240.199,Cath,350.0,,,
Ni2CoO4,"[{'Ni': '2.0', 'Co': '1.0', 'O': '4.0'}]",240.315,Anod,83.0,,,
SnSbâAg nano-alloy,"[{'Sn': '1.0', 'Sb': '1.0'}]",240.47,Anod,518.0,2.0,,
NiCo2O4,"[{'Ni': '1.0', 'Co': '2.0', 'O': '4.0'}]",240.555,Cath,500.0,4.5,91.0,
Co3O4,"[{'Co': '3.0', 'O': '4.0'}]",240.795,Anod,168.1,0.99,61.6,
Mn3O4 / C,"[{'Mn': '3.0', 'O': '4.0'}, {'C': '1.0'}]",240.82100000000003,Anod,1141.0,3.0,100.0,
ZnFe2O4 @ C nano-whiskers,"[{'Zn': '1.0', 'Fe': '2.0', 'O': '4.0'}]",241.066,Anod,1722.0,3.0,98.4,
,,242.555,,,0.8,,
,,242.635,,,0.3,,
,,242.759,,,4.45,,
Fe3O4 @ C,"[{'Fe': '3.0', 'O': '4.0'}, {'C': '1.0'}]",243.542,Anod,60.1,1.0,90.0,
Li2FeP2O7,"[{'Li': '2.0', 'Fe': '1.0', 'P': '2.0', 'O': '7.0'}]",243.666,Cath,220.0,3.5,,
,,243.8335,,,4.2,,
WO3 / C,"[{'W': '1.0', 'O': '3.0'}, {'C': '1.0'}]",243.848,Anod,696.0,,,
LiMnSnO4,"[{'Li': '1.0', 'Mn': '1.0', 'Sn': '1.0', 'O': '4.0'}]",244.584,Cath,113.0,,,
MnCo2O4.5,"[{'Mn': '1.0', 'Co': '2.0', 'O': '4.5'}]",244.7995,Anod,1301.0,,72.0,
CuCo2O4,"[{'Cu': '1.0', 'Co': '2.0', 'O': '4.0'}]",245.408,Anod,1244.0,,82.0,
V2O5 / Cu,"[{'V': '2.0', 'O': '5.0'}, {'Cu': '1.0'}]",245.424,Cath,196.0,,,
NiFe2O4 / C,"[{'Ni': '1.0', 'Fe': '2.0', 'O': '4.0'}, {'C': '1.0'}]",246.39,Anod,381.8,4.5,,
Fe2O3 / MnO2,"[{'Fe': '2.0', 'O': '3.0'}, {'Mn': '1.0', 'O': '2.0'}]",246.623,Anod,320.0,,,
ZnCo2O4 @ CNTs,"[{'Zn': '1.0', 'Co': '2.0', 'O': '4.0'}]",247.242,Anod,693.0,0.21,,
,,247.471,,,4.37,,
TiO2 / Ti3C2,"[{'Ti': '1.0', 'O': '2.0'}, {'Ti': '3.0', 'C': '2.0'}]",247.488,Anod,280.0,,,
RGO / WS2-S,"[{'W': '1.0', 'S': '2.0'}]",247.96,Cath,823.0,,100.0,
Cu2Sb,"[{'Cu': '2.0', 'Sb': '1.0'}]",248.852,Anod,323.0,1.05,,
CuSbS2,"[{'Cu': '1.0', 'Sb': '1.0', 'S': '2.0'}]",249.426,Anod,1005.0,,,
,,249.739,,,1.12,,
ReS2 / CNTs,"[{'Re': '1.0', 'S': '2.0'}]",250.33,Anod,659.0,,,
,,250.814,,,2.6,,
SnSb / C,"[{'Sn': '1.0', 'Sb': '1.0'}, {'C': '1.0'}]",252.481,Anod,540.0,,,
Co3O4âFe2O3 / C,"[{'Co': '3.0', 'O': '4.0'}, {'C': '1.0'}]",252.806,Anod,220.0,,58.0,
,,252.815,,,0.04,,
ZnFe2O4 @ C,"[{'Zn': '1.0', 'Fe': '2.0', 'O': '4.0'}, {'C': '1.0'}]",253.077,Anod,1700.0,,,
,,253.419,,,3.0,72.0,
MoSe2 / rGO,"[{'Mo': '1.0', 'Se': '2.0'}]",253.892,Anod,422.0,,,
,,255.0575,,,1.4,,
LiCoO2 / LiFePO4,"[{'Li': '1.0', 'Co': '1.0', 'O': '2.0'}, {'Li': '1.0', 'Fe': '1.0', 'P': '1.0', 'O': '4.0'}]",255.626,Cath,274.0,,,
Zn3P2,"[{'Zn': '3.0', 'P': '2.0'}]",258.088,Anod,1100.0,,,
,,260.327,,,3.8,,
PTh,"[{'P': '1.0', 'Th': '1.0'}]",263.014,Cath,50.0,,,
Li2MnSnO4 / C,"[{'Li': '2.0', 'Mn': '1.0', 'Sn': '1.0', 'O': '4.0'}, {'C': '1.0'}]",263.535,Anod,920.0,3.5,,
NiCl2 / NiS2 @ C,"[{'Ni': '1.0', 'Cl': '2.0'}, {'Ni': '1.0', 'S': '2.0', 'C': '1.0'}]",264.41700000000003,Cath,946.08,2.78,,
V3O7Â·H2O,"[{'V': '3.0', 'O': '7.0'}]",264.8175,Cath,60.0,,,
Nb2O5 / graphene,"[{'Nb': '2.0', 'O': '5.0'}]",265.807,Anod,263.6,3.0,,3e-06
MoSe2 / C,"[{'Mo': '1.0', 'Se': '2.0'}, {'C': '1.0'}]",265.903,Anod,322.0,,,
TiO2 / MoS2 @ NC-800-7,"[{'Ti': '1.0', 'O': '2.0'}, {'Mo': '1.0', 'S': '2.0', 'N': '1.0', 'C': '1.0'}]",265.95300000000003,Anod,535.0,,,
BiF3,"[{'Bi': '1.0', 'F': '3.0'}]",265.974,Cath,385.0,,,
Zn2GeO4,"[{'Zn': '2.0', 'Ge': '1.0', 'O': '4.0'}]",267.386,Anod,290.0,,,
,,267.456,,,0.0921,,
LiMn3O6,"[{'Li': '1.0', 'Mn': '3.0', 'O': '6.0'}]",267.74800000000005,Cath,170.0,,,
FeFe(CN)6,"[{'C': '6.0', 'N': '6.0', 'Fe': '2.0'}]",267.798,Cath,117.0,3.47,93.2,
,,271.145,,,0.1,,
Na2MnP2O7,"[{'Na': '2.0', 'Mn': '1.0', 'P': '2.0', 'O': '7.0'}]",274.85900000000004,Cath,76.8,,90.0,
Na2FeP2O7,"[{'Na': '2.0', 'Fe': '1.0', 'P': '2.0', 'O': '7.0'}]",275.766,Cath,91.0,3.0,,
SnSe2,"[{'Sn': '1.0', 'Se': '2.0'}]",276.652,Anod,435.0,,,
Li1.05Al0.02Mn1.98S3.02O3.98,"[{'Li': '1.05', 'Al': '0.02', 'Mn': '1.98', 'S': '3.02', 'O': '3.98'}]",277.10110000000003,Cath,126.0,,,
In2O3,"[{'In': '2.0', 'O': '3.0'}]",277.637,Anod,2279.0,1.2,58.3,
Li1.05Ga0.02Mn1.98S3.02O3.98,"[{'Li': '1.05', 'Ga': '0.02', 'Mn': '1.98', 'S': '3.02', 'O': '3.98'}]",277.95592,Cath,115.0,,,
,,278.737,,,3.4,,
Na3MnCO3PO4,"[{'Na': '3.0', 'Mn': '1.0', 'C': '1.0', 'O': '7.0', 'P': '1.0'}]",278.886,Cath,117.2,,,
,,279.225,,,1.2,,
NaTi3O6OHÂ·2H2O,"[{'Na': '1.0', 'Ti': '3.0', 'O': '7.0', 'H': '1.0'}]",279.592,Anod,200.0,,,
,,279.875,,,0.7,,
,,279.988,,,2.2,,
ZnSnS3,"[{'Zn': '1.0', 'Sn': '1.0', 'S': '3.0'}]",280.27,Anod,190.3,,,
H2V3O8,"[{'H': '2.0', 'V': '3.0', 'O': '8.0'}]",282.8325,Cath,203.0,,,
Zr(HPO4)2,"[{'H': '2.0', 'P': '2.0', 'O': '8.0', 'Zr': '1.0'}]",283.18,Anod,118.0,,,
,,283.906,,,2.0,,
,,286.165,,,,95.2,
Li5MnV2O6,"[{'Li': '5.0', 'Mn': '1.0', 'V': '2.0', 'O': '6.0'}]",287.515,Anod,300.0,,,
LiV3O8,"[{'Li': '1.0', 'V': '3.0', 'O': '8.0'}]",287.7565,Cath,200.0,3.69,100.0,
FeGe @ Fe2O3,"[{'Fe': '1.0', 'Ge': '1.0'}, {'Fe': '2.0', 'O': '3.0'}]",288.162,Anod,800.0,,,
Sb2O3,"[{'Sb': '2.0', 'O': '3.0'}]",291.517,Anod,1239.5,2.5,97.97,
Na2Fe(SO4)2,"[{'S': '2.0', 'O': '8.0', 'Na': '2.0', 'Fe': '1.0'}]",293.937,Cath,82.0,3.6,,
Cu / Fe3O4,"[{'Cu': '1.0'}, {'Fe': '3.0', 'O': '4.0'}]",295.077,Anod,200.0,,65.0,
Fe3S4,"[{'Fe': '3.0', 'S': '4.0'}]",295.775,Anod,633.2,,,
Li3VO4 / MoS2,"[{'Li': '3.0', 'V': '1.0', 'O': '4.0'}, {'Mo': '1.0', 'S': '2.0'}]",295.8275,Anod,781.2,,,
,,296.15,,,0.65,,
Nb2O5 / S,"[{'Nb': '2.0', 'O': '5.0'}, {'S': '1.0'}]",297.867,Cath,1289.0,,,
SnFe3C,"[{'Sn': '1.0', 'Fe': '3.0', 'C': '1.0'}]",298.25600000000003,Anod,100.0,,,
,,298.892,,,0.55,,
Fe3O4 / Fe / C,"[{'Fe': '3.0', 'O': '4.0'}, {'Fe': '1.0'}, {'C': '1.0'}]",299.387,Cath,4000.0,2.3,,
SnSbCo,"[{'Sn': '1.0', 'Sb': '1.0', 'Co': '1.0'}]",299.403,Anod,66.0,,,
Co / Co3O4,"[{'Co': '1.0'}, {'Co': '3.0', 'O': '4.0'}]",299.728,Anod,1000.0,,,
,,301.5,,,0.925,,
,,301.574,,,3.1,,
,,301.9235,,,1.0,,
Fe3O4 / Ni / C,"[{'Fe': '3.0', 'O': '4.0'}, {'Ni': '1.0'}, {'C': '1.0'}]",302.235,Anod,412.0,,,
SeS7 / CNT,"[{'Se': '1.0', 'S': '7.0'}]",303.391,Cath,883.0,,,
Ti4O7 / MCO,"[{'Ti': '4.0', 'O': '7.0'}]",303.461,Cath,2500.0,2.2,,
Co3O4âNi @ Cu,"[{'Co': '3.0', 'O': '4.0'}, {'Cu': '1.0'}]",304.341,Anod,610.0,,71.0,
Mn2SnO4 @ C,"[{'Mn': '2.0', 'Sn': '1.0', 'O': '4.0'}, {'C': '1.0'}]",304.593,Anod,889.0,,,
NiCo2S4âNi,"[{'Ni': '1.0', 'Co': '2.0', 'S': '4.0'}]",304.799,Anod,1368.0,2.0,,
Co3S4,"[{'Co': '3.0', 'S': '4.0'}]",305.039,Cath,287.9,0.68,,
BiVO3,"[{'Bi': '1.0', 'V': '1.0', 'O': '3.0'}]",307.9185,Cath,250.0,,,
TiO2 / Mn3O4 / Ti3C2Tx,"[{'Ti': '1.0', 'O': '2.0'}, {'Mn': '3.0', 'O': '4.0'}]",308.675,Anod,108.6,,99.7,
Na2MnFe(CN)6,"[{'C': '6.0', 'N': '6.0', 'Na': '2.0', 'Mn': '1.0', 'Fe': '1.0'}]",312.871,Cath,120.0,2.0,,0.0054
PtCo2 / carbon,"[{'Pt': '1.0', 'Co': '2.0'}]",312.946,Cath,2578.0,,,
Zn2SnO4,"[{'Zn': '2.0', 'Sn': '1.0', 'O': '4.0'}]",313.46599999999995,Anod,448.0,,96.0,
BiCl3,"[{'Bi': '1.0', 'Cl': '3.0'}]",315.33,Cath,142.9,,,
Na2Ni[Fe(CN)6],"[{'C': '6.0', 'N': '6.0', 'Fe': '1.0', 'Na': '2.0', 'Ni': '1.0'}]",316.626,Cath,54.0,1.27,,
CuFe2O4 / CuO / R-GO,"[{'Cu': '1.0', 'Fe': '2.0', 'O': '4.0'}, {'Cu': '1.0', 'O': '1.0'}]",318.77700000000004,Anod,720.0,,,
TiO2 / Co3O4,"[{'Ti': '1.0', 'O': '2.0'}, {'Co': '3.0', 'O': '4.0'}]",320.66,Anod,295.0,3.0,,
(Cu0.30Co0.7)Co2O4 / CuO,"[{'Cu': '0.3', 'Co': '2.7', 'O': '4.0'}, {'Cu': '1.0', 'O': '1.0'}]",321.72390000000007,Anod,60.0,,,
Na2Mn3O7,"[{'Na': '2.0', 'Mn': '3.0', 'O': '7.0'}]",322.78700000000003,Cath,219.0,,,
BiVO4,"[{'Bi': '1.0', 'V': '1.0', 'O': '4.0'}]",323.9175,Cath,250.0,4.5,67.0,
,,325.817,,,0.4,,
MoV2O8,"[{'Mo': '1.0', 'V': '2.0', 'O': '8.0'}]",325.825,Anod,137.0,,,
NiCo2O4 @ MnO2,"[{'Ni': '1.0', 'Co': '2.0', 'O': '4.0'}, {'Mn': '1.0', 'O': '2.0'}]",327.491,Cath,2372.0,1.19,100.0,
(NH4)2V3O8 / C,"[{'N': '2.0', 'H': '8.0', 'V': '3.0', 'O': '8.0'}, {'C': '1.0'}]",328.9055,Cath,135.0,,,
Ge / Cu3Ge,"[{'Ge': '1.0'}, {'Cu': '3.0', 'Ge': '1.0'}]",335.898,Anod,1100.0,,,
,,338.68499999999995,,,4.15,,
Ag / Fe3O4âMoS2,"[{'Ag': '1.0'}, {'Fe': '3.0', 'O': '4.0'}]",339.40099999999995,Anod,1395.0,,,
Fe3O4 / Ag,"[{'Fe': '3.0', 'O': '4.0'}, {'Ag': '1.0'}]",339.401,Anod,640.0,,,
NiV3O8,"[{'Ni': '1.0', 'V': '3.0', 'O': '8.0'}]",339.5095,Cath,286.6,4.2,,
Sb2S3,"[{'Sb': '2.0', 'S': '3.0'}]",339.70000000000005,Anod,431.0,0.76,80.0,
,,341.78200000000004,,,0.7,,
Germanium phosphide,"[{'Ge': '3.0', 'P': '4.0'}]",341.786,Anod,1033.0,,88.0,
Cu2SnS3,"[{'Cu': '2.0', 'Sn': '1.0', 'S': '3.0'}]",341.982,Anod,625.0,,,
MoO2 / Mo2C / C,"[{'Mo': '1.0', 'O': '2.0'}, {'Mo': '2.0', 'C': '1.0'}, {'C': '1.0'}]",343.87000000000006,Anod,588.0,,98.0,
Li2NiTi3O8,"[{'Li': '2.0', 'Ni': '1.0', 'Ti': '3.0', 'O': '8.0'}]",344.166,Anod,212.0,,,
,,344.406,,,0.56,,
TiNb2O7,"[{'Ti': '1.0', 'Nb': '2.0', 'O': '7.0'}]",345.672,Anod,167.0,,,
Pd @ NiCo2O4,"[{'Pd': '1.0'}, {'Ni': '1.0', 'Co': '2.0', 'O': '4.0'}]",346.975,Cath,1000.0,,,
Na3Â·32Fe2Â·34(P2O7)2 sodium,"[{'P': '4.0', 'O': '14.0'}]",347.882,Cath,100.0,,,
Li2Zn0.6Cu0.4Ti3O8,"[{'Li': '2.0', 'Zn': '0.6', 'Cu': '0.4', 'Ti': '3.0', 'O': '8.0'}]",350.1194,Anod,161.5,,,
Li2ZnTi3O8,"[{'Li': '2.0', 'Zn': '1.0', 'Ti': '3.0', 'O': '8.0'}]",350.853,Anod,214.0,1.61,,
MoTe2,"[{'Mo': '1.0', 'Te': '2.0'}]",351.15,Anod,320.0,,99.0,
Li2ZnFe0.05Ti2.95O8,"[{'Li': '2.0', 'Zn': '1.0', 'Fe': '0.05', 'Ti': '2.95', 'O': '8.0'}]",351.2519,Anod,164.3,,,
Cu5SiâSi / C,"[{'Cu': '5.0', 'Si': '1.0'}, {'C': '1.0'}]",357.826,Anod,612.0,,,
Fe2O3 / MgFe2O4,"[{'Fe': '2.0', 'O': '3.0'}, {'Mg': '1.0', 'Fe': '2.0', 'O': '4.0'}]",359.678,Anod,760.0,,,
,,359.757,,,0.05,,
CdWO4,"[{'Cd': '1.0', 'W': '1.0', 'O': '4.0'}]",360.246,Anod,2304.1,,,
P4Se3,"[{'P': '4.0', 'Se': '3.0'}]",360.809,Anod,486.0,,,
ZnSe-NC @ CoSe2-NC,"[{'Zn': '1.0', 'Se': '1.0'}, {'Co': '1.0', 'Se': '2.0'}]",361.226,Anod,707.2,1.72,,
,,362.531,,,4.9,,
LiMn2O4 @ V2O5,"[{'Li': '1.0', 'Mn': '2.0', 'O': '4.0'}, {'V': '2.0', 'O': '5.0'}]",362.69,Cath,108.4,,,
Ag / Ag0.68V2O5,"[{'Ag': '1.0'}, {'Ag': '0.68', 'V': '2.0', 'O': '5.0'}]",363.0996,Cath,360.0,,,
CTAB-Si,"[{'C': '19.0', 'H': '42.0', 'N': '1.0', 'Br': '1.0'}]",364.456,Anod,1570.0,,,
,,365.619,,,5.0,,
K2V3O8 / C,"[{'K': '2.0', 'V': '3.0', 'O': '8.0'}, {'C': '1.0'}]",371.0235,Cath,75.0,,,
NaV2(PO4)2F3,"[{'P': '2.0', 'O': '8.0', 'Na': '1.0', 'V': '2.0', 'F': '3.0'}]",371.807,Cath,97.0,3.65,,
Na3V2(PO4)2 @ C,"[{'P': '2.0', 'O': '8.0', 'Na': '3.0', 'V': '2.0'}, {'C': '1.0'}]",372.804,Cath,90.0,2.2,,
RuO2 @ NiCo2O4,"[{'Ru': '1.0', 'O': '2.0'}, {'Ni': '1.0', 'Co': '2.0', 'O': '4.0'}]",373.62299999999993,Cath,1420.0,0.614,,
Na4NiTeO6,"[{'Na': '4.0', 'Ni': '1.0', 'Te': '1.0', 'O': '6.0'}]",374.247,Cath,34.7,4.5,,
Sn2BPO6,"[{'Sn': '2.0', 'B': '1.0', 'P': '1.0', 'O': '6.0'}]",375.198,Anod,517.0,,,
,,375.7840000000001,,,1.9,,
CTAB-LVP / C,"[{'C': '19.0', 'H': '42.0', 'N': '1.0', 'Br': '1.0'}, {'C': '1.0'}]",376.467,Cath,122.8,,,
NH4V4O10,"[{'N': '1.0', 'H': '4.0', 'V': '4.0', 'O': '10.0'}]",381.795,Cath,162.0,,,
MoSe2 / MoO2,"[{'Mo': '1.0', 'Se': '2.0'}, {'Mo': '1.0', 'O': '2.0'}]",381.84,Cath,1154.0,,,
LiTi2(PO4)3,"[{'P': '3.0', 'O': '12.0', 'Li': '1.0', 'Ti': '2.0'}]",387.584,Anod,84.0,0.65,,
,,391.489,,,,,92.0
Graphene oxide / SnO2 / Co3O4,"[{'Sn': '1.0', 'O': '2.0'}, {'Co': '3.0', 'O': '4.0'}]",391.503,Anod,310.3,,,
Fe3O4 @ MoS2-GP,"[{'Fe': '3.0', 'O': '4.0'}, {'Mo': '1.0', 'S': '2.0'}]",391.601,Anod,468.0,,,
,,393.344,,,4.5,,
,,397.839,,,3.0,,
LiTi2(PO4)3 / C,"[{'P': '3.0', 'O': '12.0', 'Li': '1.0', 'Ti': '2.0'}, {'C': '1.0'}]",399.595,Anod,92.8,,,
MoS2 / Co3O4,"[{'Mo': '1.0', 'S': '2.0'}, {'Co': '3.0', 'O': '4.0'}]",400.865,Anod,1350.5,3.0,,
,,402.353,,,0.97,,
NaTi2(PO4)3,"[{'P': '3.0', 'O': '12.0', 'Na': '1.0', 'Ti': '2.0'}]",403.634,Anod,126.5,1.5,,
PtAu / C,"[{'Pt': '1.0', 'Au': '1.0'}, {'C': '1.0'}]",404.061,Cath,500.0,,,
Nickel titanate,"[{'Ti': '3.0', 'O': '9.0', 'Ni': '2.0'}]",404.978,Anod,435.0,,,
Ni3V2O8 @ CMK-3,"[{'Ni': '3.0', 'V': '2.0', 'O': '8.0'}]",405.954,Anod,100.3,,,
Co3V2O8,"[{'Co': '3.0', 'V': '2.0', 'O': '8.0'}]",406.674,Anod,1110.0,,68.8,
Li3V2(PO4)3,"[{'P': '3.0', 'O': '12.0', 'Li': '3.0', 'V': '2.0'}]",407.613,Cath,108.9,3.0,,
,,408.5665,,,3.0,,
Sn2P2O7,"[{'Sn': '2.0', 'P': '2.0', 'O': '7.0'}]",411.361,Anod,780.0,,,
Na3V2O2(PO4)2F,"[{'P': '2.0', 'O': '10.0', 'Na': '3.0', 'V': '2.0', 'F': '1.0'}]",411.789,Cath,108.0,,,
Ni3Sn2 / CNT,"[{'Ni': '3.0', 'Sn': '2.0'}]",413.499,Anod,1101.0,,,
Na3V2(PO4)2F3,"[{'P': '2.0', 'O': '8.0', 'Na': '3.0', 'V': '2.0', 'F': '3.0'}]",417.7869999999999,Cath,110.0,1.62,98.5,
Li3V2(PO4)3 / C,"[{'P': '3.0', 'O': '12.0', 'Li': '3.0', 'V': '2.0'}, {'C': '1.0'}]",419.624,Cath,113.0,3.0,,
Sn3O4,"[{'Sn': '3.0', 'O': '4.0'}]",420.126,Anod,791.7,,97.0,
Li2.90Na0.10V2(PO4)3 / C,"[{'P': '3.0', 'O': '12.0', 'Li': '2.9', 'Na': '0.1', 'V': '2.0'}, {'C': '1.0'}]",421.2289999999999,Cath,124.0,,,
Fe3C / Fe3O4 @ C,"[{'Fe': '3.0', 'C': '1.0'}, {'Fe': '3.0', 'O': '4.0', 'C': '1.0'}]",423.088,Anod,850.0,,,
Li2NaV2(PO4)3,"[{'P': '3.0', 'O': '12.0', 'Li': '2.0', 'Na': '1.0', 'V': '2.0'}]",423.663,Cath,96.0,1.0,,
CoSb3,"[{'Co': '1.0', 'Sb': '3.0'}]",424.213,Anod,778.0,0.1,,
BiSbS3,"[{'Bi': '1.0', 'Sb': '1.0', 'S': '3.0'}]",426.92,Anod,712.5,,,
Li3Fe2(PO4)3 / C,"[{'P': '3.0', 'O': '12.0', 'Li': '3.0', 'Fe': '2.0'}, {'C': '1.0'}]",429.431,Cath,90.7,0.1,,
Na3V2(PO4)2F3 / C,"[{'P': '2.0', 'O': '8.0', 'Na': '3.0', 'V': '2.0', 'F': '3.0'}, {'C': '1.0'}]",429.798,Cath,100.0,,,
(MoO2)2P2O7,"[{'Mo': '2.0', 'O': '11.0', 'P': '2.0'}]",429.837,Cath,250.0,3.7,,
,,433.566,,,3.0,,
Sb2MoO6,"[{'Sb': '2.0', 'Mo': '1.0', 'O': '6.0'}]",435.46400000000006,Anod,571.9,3.4,,
Li1Ti5O12,"[{'Li': '1.0', 'Ti': '5.0', 'O': '12.0'}]",438.263,Anod,177.0,,,
,,439.713,,,3.0,,
ZnS / Sn2S3 @ C,"[{'Zn': '1.0', 'S': '1.0'}, {'Sn': '2.0', 'S': '3.0', 'C': '1.0'}]",443.051,Anod,445.0,,,
Na2Fe2(SO4)3,"[{'S': '3.0', 'O': '12.0', 'Na': '2.0', 'Fe': '2.0'}]",445.838,Cath,100.0,3.8,,
,,445.854,,,,46.4,
,,450.267,,,1.5,,
Sn(MoO4)2 / C,"[{'Mo': '2.0', 'O': '8.0', 'Sn': '1.0'}, {'C': '1.0'}]",450.613,Anod,300.0,3.0,60.4,
,,451.246,,,0.76,,
Li4C24H8O8,"[{'Li': '4.0', 'C': '24.0', 'H': '8.0', 'O': '8.0'}]",452.08,Anod,200.0,1.1,,
Mn3O4 @ Ti3+ / TiO2,"[{'Mn': '3.0', 'O': '4.0', 'Ti': '3.0'}, {'Ti': '1.0', 'O': '2.0'}]",452.27600000000007,Anod,1453.8,,100.0,
PbO / Pb / C(B),"[{'Pb': '1.0', 'O': '1.0'}, {'Pb': '1.0'}, {'B': '1.0', 'C': '1.0'}]",453.22,Anod,238.0,,,
Na3V2(PO4)3,"[{'P': '3.0', 'O': '12.0', 'Na': '3.0', 'V': '2.0'}]",455.763,Cath,122.0,3.4,92.0,
Li4Ti5O12,"[{'Li': '4.0', 'Ti': '5.0', 'O': '12.0'}]",459.083,Anod,215.1,3.0,99.0,1e-13
UIO-67 @ Se @ PANI,"[{'U': '1.0', 'I': '1.0', 'O': '1.0'}, {'Se': '1.0'}]",459.9,Cath,248.3,,,
Mn3O4 / Fe3O4,"[{'Mn': '3.0', 'O': '4.0'}, {'Fe': '3.0', 'O': '4.0'}]",460.341,Anod,630.0,0.73,,
Na3FeV(PO4)3,"[{'P': '3.0', 'O': '12.0', 'Na': '3.0', 'Fe': '1.0', 'V': '1.0'}]",460.6665,Cath,100.0,,,
Sb2S3 / Sb,"[{'Sb': '2.0', 'S': '3.0'}, {'Sb': '1.0'}]",461.46,Anod,250.0,,,
Na3Fe2(PO4)3,"[{'P': '3.0', 'O': '12.0', 'Na': '3.0', 'Fe': '2.0'}]",465.57,Anod,47.1,,,
Bi2O3,"[{'Bi': '2.0', 'O': '3.0'}]",465.957,Anod,410.0,,,
K3V2(PO4)2F3,"[{'P': '2.0', 'O': '8.0', 'K': '3.0', 'V': '2.0', 'F': '3.0'}]",466.111,Cath,103.0,3.75,,
Li4Ti4.9Sn0.1O12,"[{'Li': '4.0', 'Ti': '4.9', 'Sn': '0.1', 'O': '12.0'}]",466.1673,Anod,265.0,,,
Zn3(HCOO)6,"[{'H': '6.0', 'C': '6.0', 'O': '12.0', 'Zn': '3.0'}]",466.242,Anod,560.0,3.0,,
Li3.94La0.06Ti5O12,"[{'Li': '3.94', 'La': '0.06', 'Ti': '5.0', 'O': '12.0'}]",467.0012,Anod,150.4,1.55,,
Na3V2(PO4)3 / C,"[{'P': '3.0', 'O': '12.0', 'Na': '3.0', 'V': '2.0'}, {'C': '1.0'}]",467.774,Cath,20.0,2.65,98.8,
CNT @ Li4Ti5O12 @ C,"[{'Li': '4.0', 'Ti': '5.0', 'O': '12.0'}, {'C': '1.0'}]",471.094,Anod,169.9,1.0,99.0,
Li4Ti4.95V0.05O12 / C,"[{'Li': '4.0', 'Ti': '4.95', 'V': '0.05', 'O': '12.0'}, {'C': '1.0'}]",471.247725,Anod,141.0,,,
Li4Ti4.9V0.1O12 / C,"[{'Li': '4.0', 'Ti': '4.9', 'V': '0.1', 'O': '12.0'}, {'C': '1.0'}]",471.40145000000007,Anod,166.0,,,
,,472.7355,,,1.8,,
,,473.34,,,0.67,,
,,480.026,,,1.5,,
Sb2Se3,"[{'Sb': '2.0', 'Se': '3.0'}]",480.433,Anod,669.6,0.05,,
,,480.754,,,0.2,,
Na4MnV(PO4)3,"[{'P': '3.0', 'O': '12.0', 'Na': '4.0', 'Mn': '1.0', 'V': '1.0'}]",482.7495,Cath,101.0,3.3,,
,,487.168,,,,78.8,
Mg3Bi2,"[{'Mg': '3.0', 'Bi': '2.0'}]",490.875,Anod,360.0,,,
Sn2P2S6,"[{'Sn': '2.0', 'P': '2.0', 'S': '6.0'}]",491.728,Anod,473.0,,,
Sb2Se3 / C,"[{'Sb': '2.0', 'Se': '3.0'}, {'C': '1.0'}]",492.444,Anod,650.0,,,
,,495.2063999999999,,,3.75,,
,,498.541,,,1.5,,
Li2MgSn4,"[{'Li': '2.0', 'Mg': '1.0', 'Sn': '4.0'}]",513.025,Anod,575.0,,92.8,
V6O13Â·nH2O,"[{'V': '6.0', 'O': '13.0'}]",513.636,Cath,395.0,,,
Bi2S3,"[{'Bi': '2.0', 'S': '3.0'}]",514.14,Anod,322.0,,,
Li3Ti4CoCrO12,"[{'Li': '3.0', 'Ti': '4.0', 'Co': '1.0', 'Cr': '1.0', 'O': '12.0'}]",515.2049999999999,Anod,136.1,2.5,,
Na4C24H8O8,"[{'Na': '4.0', 'C': '24.0', 'H': '8.0', 'O': '8.0'}]",516.28,Anod,100.0,0.4,,
Bi2S3 / C,"[{'Bi': '2.0', 'S': '3.0'}, {'C': '1.0'}]",526.151,Anod,804.0,1.63,,
Cu2.33V4O11,"[{'Cu': '2.33', 'V': '4.0', 'O': '11.0'}]",527.81718,Cath,150.0,,,
Ni5Sb2,"[{'Ni': '5.0', 'Sb': '2.0'}]",536.985,Anod,299.46,,,
Na2Ti6O13,"[{'Na': '2.0', 'Ti': '6.0', 'O': '13.0'}]",541.169,Anod,49.5,0.3,,
TiO2-SiO2 / Bi2O3,"[{'Ti': '1.0', 'O': '2.0'}, {'Bi': '2.0', 'O': '3.0'}]",545.822,Anod,250.0,,,
Li3V(MoO4)3,"[{'Mo': '3.0', 'O': '12.0', 'Li': '3.0', 'V': '1.0'}]",551.5995,Cath,100.0,3.7,,
,,551.977,,,1.57,,
Sn3.95Fe0.05P3,"[{'Sn': '3.95', 'Fe': '0.05', 'P': '3.0'}]",564.61875,Anod,420.0,,,
Mg1.8Mn6O12Â·4.8H2O,"[{'Mg': '1.8', 'Mn': '6.0', 'O': '12.0'}]",565.365,Cath,108.0,,,
Sn4P3-GA,"[{'Sn': '4.0', 'P': '3.0'}]",567.762,Anod,162.0,0.3,81.2,
NaV6O15,"[{'Na': '1.0', 'V': '6.0', 'O': '15.0'}]",568.624,Anod,110.0,,,
Li2Na2Ti5.9Al0.1O14,"[{'Li': '2.0', 'Na': '2.0', 'Ti': '5.9', 'Al': '0.1', 'O': '14.0'}]",568.9595,Anod,229.0,,,
,,571.048,,,1.36,,
Li1.95Al0.05Na2Ti6O14,"[{'Li': '1.95', 'Al': '0.05', 'Na': '2.0', 'Ti': '6.0', 'O': '14.0'}]",572.0501,Anod,19.2,,,
K2Ti6O13,"[{'K': '2.0', 'Ti': '6.0', 'O': '13.0'}]",573.385,Anod,99.0,3.0,,
Cu5V2O10,"[{'Cu': '5.0', 'V': '2.0', 'O': '10.0'}]",579.6030000000001,Cath,450.0,,,
Sn4P3 / C,"[{'Sn': '4.0', 'P': '3.0'}, {'C': '1.0'}]",579.7729999999999,Anod,850.0,1.0,,
Na3V3(PO4)4,"[{'P': '4.0', 'O': '16.0', 'Na': '3.0', 'V': '3.0'}]",601.6745000000001,Cath,34.0,3.9,,
,,607.613,,,1.1,,
Bi2MoO6 / rGO-20,"[{'Bi': '2.0', 'Mo': '1.0', 'O': '6.0'}]",609.904,Anod,274.7,3.0,98.47,
Li2SrTi6O14,"[{'Li': '2.0', 'Sr': '1.0', 'Ti': '6.0', 'O': '14.0'}]",612.688,Anod,120.0,2.7,,
Li4Ti5O12 / Fe2O3,"[{'Li': '4.0', 'Ti': '5.0', 'O': '12.0'}, {'Fe': '2.0', 'O': '3.0'}]",618.7699999999999,Anod,172.0,,,
Na2Ti7O15,"[{'Na': '2.0', 'Ti': '7.0', 'O': '15.0'}]",621.034,Anod,64.6,,,
Na4Fe3(PO4)2(P2O7),"[{'P': '4.0', 'O': '15.0', 'Na': '4.0', 'Fe': '3.0'}]",623.376,Cath,90.0,4.2,99.6,
(LNMO)95 @ (YBCO)5,"[{'Y': '5.0', 'B': '5.0', 'C': '5.0', 'O': '5.0'}]",638.63,Cath,148.0,4.9,,
FeSn5,"[{'Fe': '1.0', 'Sn': '5.0'}]",649.395,Anod,750.0,,,
Ni3Sn4,"[{'Ni': '3.0', 'Sn': '4.0'}]",650.919,Anod,500.0,,,
Bi2Se3,"[{'Bi': '2.0', 'Se': '3.0'}]",654.873,Anod,1027.5,,,
Fe7S8 @ C ( 1â6 ),"[{'Fe': '7.0', 'S': '8.0'}, {'C': '1.0'}]",659.406,Anod,512.0,,,
VS4 @ Li7P3S11,"[{'V': '1.0', 'S': '4.0'}, {'Li': '7.0', 'P': '3.0', 'S': '11.0'}]",673.3435,Cath,543.0,,,
Sn / Sn4P3 @ C,"[{'Sn': '1.0'}, {'Sn': '4.0', 'P': '3.0', 'C': '1.0'}]",698.483,Anod,589.0,,,
Co9S8,"[{'Co': '9.0', 'S': '8.0'}]",786.8770000000001,Cath,123.04,0.83,0.041,
K2V8O21,"[{'K': '2.0', 'V': '8.0', 'O': '21.0'}]",821.7069999999999,Cath,247.0,,,
Mo6S8,"[{'Mo': '6.0', 'S': '8.0'}]",832.1800000000001,Cath,100.0,1.1,,
Fe9S10 @ C,"[{'Fe': '9.0', 'S': '10.0'}, {'C': '1.0'}]",835.216,Anod,323.0,,,0.00122
,,844.5500000000001,,,3.0,,
Manganese orthosilicate,"[{'Si': '7.0', 'O': '28.0', 'Mn': '4.0'}]",864.319,Cath,330.0,,,
PbCl2 / Sb4O5Cl,"[{'Pb': '1.0', 'Cl': '2.0'}, {'Sb': '4.0', 'O': '5.0', 'Cl': '1.0'}]",880.5850000000002,Anod,1036.7,,,
Ca2Ge7O16 NS / CNT,"[{'Ca': '2.0', 'Ge': '7.0', 'O': '16.0', 'N': '1.0', 'S': '1.0'}]",890.617,Anod,724.2,,,
V10O24Â·12H2O,"[{'V': '10.0', 'O': '24.0'}]",893.391,Cath,164.5,1.7,,
,,927.0475,,,3.0,,
ZnS / Fe9S10 @ C,"[{'Zn': '1.0', 'S': '1.0'}, {'Fe': '9.0', 'S': '10.0', 'C': '1.0'}]",932.656,Anod,566.0,,,
Sb6O13 / rGO,"[{'Sb': '6.0', 'O': '13.0'}]",938.547,Anod,1109.0,,,
Co9S8 @ MoS2 / rGO,"[{'Co': '9.0', 'S': '10.0', 'Mo': '1.0'}]",946.947,Anod,1859.3,,,
Cu6Sn5,"[{'Cu': '6.0', 'Sn': '5.0'}]",974.826,Anod,400.0,0.4,,
Fe9S10 @ MoS2 @ C,"[{'Fe': '9.0', 'S': '10.0'}, {'Mo': '1.0', 'S': '2.0'}, {'C': '1.0'}]",995.286,Anod,197.0,,,
SrFe12O19,"[{'Sr': '1.0', 'Fe': '12.0', 'O': '19.0'}]",1061.741,Anod,1382.7,,,
Fe3S4 / Co9S8,"[{'Fe': '3.0', 'S': '4.0'}, {'Co': '9.0', 'S': '8.0'}]",1082.652,Anod,945.0,,,
BaFe12O19,"[{'Ba': '1.0', 'Fe': '12.0', 'O': '19.0'}]",1111.451,Anod,441.5,,90.0,
Cu6Sn5 @ SnO2âC,"[{'Cu': '6.0', 'Sn': '5.0'}, {'Sn': '1.0', 'O': '2.0'}]",1125.534,Anod,644.0,,,
,,1127.95,,,0.025,,
,,1132.7025,,,3.5,,
,,1238.216,,,2.0,,
Ni11(HPO3)8(OH)6 / rGO,"[{'H': '14.0', 'P': '8.0', 'O': '30.0', 'Ni': '11.0'}]",1387.4969999999998,Cath,49.2,0.54,,
Ti2Nb10O29,"[{'Ti': '2.0', 'Nb': '10.0', 'O': '29.0'}]",1488.765,Anod,144.0,0.8,97.0,
Si20C80,"[{'Si': '20.0', 'C': '80.0'}]",1522.58,Anod,296.1,,,
Bi5Nb3O15 @ C,"[{'Bi': '5.0', 'Nb': '3.0', 'O': '15.0'}, {'C': '1.0'}]",1575.614,Anod,613.48,,,
Na7H2[PV14O42],"[{'P': '1.0', 'V': '14.0', 'O': '42.0', 'Na': '7.0', 'H': '2.0'}]",1579.059,Anod,687.0,1.0,,
Si20Co10C70,"[{'Si': '20.0', 'Co': '10.0', 'C': '70.0'}]",1991.8,Anod,610.0,3.0,83.3,
Al74Si25Cu1,"[{'Al': '74.0', 'Si': '25.0', 'Cu': '1.0'}]",2762.3389999999995,Anod,1539.0,,,
Al71Si25Cu4,"[{'Al': '71.0', 'Si': '25.0', 'Cu': '4.0'}]",2872.031,Anod,508.0,,,
Si20Co30C50,"[{'Si': '20.0', 'Co': '30.0', 'C': '50.0'}]",2930.24,Anod,581.0,,,
K3PW12O40,"[{'K': '3.0', 'P': '1.0', 'W': '12.0', 'O': '40.0'}]",2994.308,Anod,7.8,0.1,,
Si85Sn15,"[{'Si': '85.0', 'Sn': '15.0'}]",4167.875,Anod,1310.2,,,
ZnO(84.7) / CeO2(15.3),"[{'Zn': '1.0', 'O': '84.7'}, {'Ce': '1.0', 'O': '215.3'}]",5005.200000000001,Anod,543.08,,,
SiO / Sn30Fe30C40,"[{'Si': '1.0', 'O': '1.0'}, {'Sn': '30.0', 'Fe': '30.0', 'C': '40.0'}]",5761.173999999999,Anod,700.0,,,
Sb48Fe36P16,"[{'Sb': '48.0', 'Fe': '36.0', 'P': '16.0'}]",8350.484,Anod,530.0,0.5,,
Ni50Sn50,"[{'Ni': '50.0', 'Sn': '50.0'}]",8870.15,Anod,530.0,,,
,,11214.292,,,3.0,,
Sn54Sb41Co5,"[{'Sn': '54.0', 'Sb': '41.0', 'Co': '5.0'}]",11697.165,Anod,275.0,,,
Ag65Au35 / MnO2,"[{'Ag': '65.0', 'Au': '35.0'}, {'Mn': '1.0', 'O': '2.0'}]",13992.436,Anod,1090.0,,,
,,16817.968,,,3.0,,
Li2Mn409,"[{'Li': '2.0', 'Mn': '409.0'}]",22483.522,Cath,150.0,,,
BP2000,"[{'B': '1.0', 'P': '2000.0'}]",61958.81,Cath,2600.0,3.0,,
