Compound_name,Extracted_name,Molecular_weight,Type,Capacity_per_gram_in_mAh,Voltage_in_V,Efficiency_in_percent
Cu0.02Mg0.02,"[{'Cu': '0.02', 'Mg': '0.02'}]",1.75702,Cathode,72.0,4.2,82.96507552238806
LVP / HC-2,"[{'H': '1.0', 'C': '1.0'}]",13.018999999999998,Cathode,98.0,4.3,82.96507552238806
HHC-20,"[{'H': '2.0', 'C': '1.0'}]",14.027,Anode,410.0,2.194840252955733,82.96507552238806
Silicon monoxide,"[{'Si': '0.0', 'O': '1.0'}]",15.999,Anode,700.0,2.194840252955733,82.96507552238806
LiB,"[{'Li': '1.0', 'B': '1.0'}]",17.75,Cathode,442.0,2.194840252955733,82.96507552238806
Fe2F5 Â· H2O,"[{'H': '2.0', 'O': '1.0'}]",18.015,Cathode,253.7,2.194840252955733,67.0
"C @ N-C @ N,P-C","[{'C': '1.0'}, {'C': '1.0'}]",24.022,Cathode,98.0,1.33,82.96507552238806
CCH / C-based oxygen,"[{'C': '2.0', 'H': '1.0'}]",25.03,Cathode,3500.0,2.194840252955733,82.96507552238806
CN-380,"[{'C': '1.0', 'N': '1.0'}]",26.018,Anode,68.9,4.2,19.9
MgH2,"[{'Mg': '1.0', 'H': '2.0'}]",26.321,Anode,630.0,0.042,82.96507552238806
HN-LVP @ C,"[{'H': '1.0', 'N': '1.0'}, {'C': '1.0'}]",27.026,Cathode,129.4,4.3,82.96507552238806
HCO,"[{'H': '1.0', 'C': '1.0', 'O': '1.0'}]",29.018,Anode,507.0,2.194840252955733,82.96507552238806
Li2O,"[{'Li': '2.0', 'O': '1.0'}]",29.879,Cathode,270.0,4.8,82.96507552238806
CBC,"[{'C': '2.0', 'B': '1.0'}]",34.832,Anode,135.3,2.194840252955733,82.96507552238806
CCOâCNTs,"[{'C': '2.0', 'O': '1.0'}]",40.021,Anode,85.0,4.4,82.96507552238806
Si @ C,"[{'Si': '1.0'}, {'C': '1.0'}]",40.096,Anode,404.0,0.1,98.6
Si0.71Ge0.29,"[{'Si': '0.71', 'Ge': '0.29'}]",41.00305,Anode,841.0,2.194840252955733,82.96507552238806
BP-C,"[{'B': '1.0', 'P': '1.0'}]",41.784,Cathode,920.0,2.3,98.7
NCO,"[{'N': '1.0', 'C': '1.0', 'O': '1.0'}]",42.017,Anode,261.0,3.0,82.96507552238806
SiN,"[{'Si': '1.0', 'N': '1.0'}]",42.092,Anode,1880.0,2.194840252955733,82.96507552238806
CP,"[{'C': '1.0', 'P': '1.0'}]",42.985,Anode,70.0,2.194840252955733,82.96507552238806
CFC,"[{'C': '2.0', 'F': '1.0'}]",43.02,Cathode,309.0,2.194840252955733,82.96507552238806
HPC / S-600,"[{'H': '1.0', 'P': '1.0', 'C': '1.0'}]",43.993,Cathode,1010.0,2.194840252955733,82.96507552238806
S @ C,"[{'S': '1.0'}, {'C': '1.0'}]",44.071,Cathode,510.1,2.04,100.0
SiOâC,"[{'Si': '1.0', 'O': '1.0'}]",44.084,Anode,1103.0,3.0,60.4
NP-Si,"[{'N': '1.0', 'P': '1.0'}]",44.981,Anode,1223.9,2.194840252955733,82.96507552238806
CNF,"[{'C': '1.0', 'N': '1.0', 'F': '1.0'}]",45.016000000000005,Anode,60.5,0.22,69.1
SiO1.1,"[{'Si': '1.0', 'O': '1.1'}]",45.6839,Anode,800.0,2.194840252955733,82.96507552238806
Li2S,"[{'Li': '2.0', 'S': '1.0'}]",45.940000000000005,Cathode,758.0,4.0,60.0
NS-CO,"[{'N': '1.0', 'S': '1.0'}]",46.067,Anode,596.0,4.2,82.96507552238806
3Mn1 / 3O2,"[{'Mn': '0.3333', 'O': '2.0'}]",50.3088354,Cathode,21.0,4.8,82.96507552238806
3Co1 / 3O2,"[{'Co': '0.3333', 'O': '2.0'}]",51.6403689,Cathode,144.0,2.194840252955733,82.96507552238806
NaAlH4,"[{'Na': '1.0', 'Al': '1.0', 'H': '4.0'}]",54.00399999999999,Anode,330.0,2.194840252955733,82.96507552238806
SiCN,"[{'Si': '1.0', 'C': '1.0', 'N': '1.0'}]",54.103,Anode,700.0,0.9,82.96507552238806
SiOC,"[{'Si': '1.0', 'O': '1.0', 'C': '1.0'}]",56.095,Anode,1280.0,0.6,58.0
SiCO,"[{'Si': '1.0', 'C': '1.0', 'O': '1.0'}]",56.095000000000006,Anode,800.0,1.0,100.0
N-GP / CPN-S,"[{'C': '1.0', 'P': '1.0', 'N': '1.0'}]",56.992,Cathode,687.0,2.194840252955733,82.96507552238806
Li2S @ C,"[{'Li': '2.0', 'S': '1.0'}, {'C': '1.0'}]",57.95100000000001,Cathode,591.0,2.6,82.96507552238806
Li4.4Si,"[{'Li': '4.4', 'Si': '1.0'}]",58.62100000000001,Anode,4200.0,2.194840252955733,82.96507552238806
TiC / C-S,"[{'Ti': '1.0', 'C': '1.0'}]",59.878,Cathode,821.0,2.194840252955733,98.7
Carbonate,"[{'C': '1.0', 'O': '3.0'}]",60.008,Anode,188.8,2.194840252955733,82.96507552238806
SiO2,"[{'Si': '1.0', 'O': '2.0'}]",60.083,Anode,877.0,2.194840252955733,60.7
TiN @ CNT-S,"[{'Ti': '1.0', 'N': '1.0'}]",61.874,Cathode,611.0,0.49,96.0
Li2S / CNT / C-N / O,"[{'Li': '2.0', 'S': '1.0'}, {'O': '1.0'}]",61.93900000000001,Cathode,577.0,0.08,82.96507552238806
Na oxide,"[{'Na': '2.0', 'O': '1.0'}]",61.979,Cathode,15.0,2.194840252955733,82.96507552238806
MgF2,"[{'Mg': '1.0', 'F': '2.0'}]",62.301,Anode,5.0,2.194840252955733,82.96507552238806
P(S-DVB),"[{'S': '1.0', 'P': '1.0'}]",63.034000000000006,Cathode,800.0,2.194840252955733,82.96507552238806
TiO @ C-HS,"[{'Ti': '1.0', 'O': '1.0'}]",63.866,Cathode,1100.0,2.194840252955733,82.96507552238806
LiNi0.5Co0.2Mn0.3,"[{'Li': '1.0', 'Ni': '0.5', 'Co': '0.2', 'Mn': '0.3'}]",64.55449999999999,Cathode,200.0,2.194840252955733,82.96507552238806
SiBCN / GN-ld,"[{'Si': '1.0', 'B': '1.0', 'C': '1.0', 'N': '1.0'}]",64.91300000000001,Anode,347.0,0.9,82.96507552238806
NFS,"[{'N': '1.0', 'F': '1.0', 'S': '1.0'}]",65.065,Cathode,87.5,4.5,82.96507552238806
Polypyrrole,"[{'C': '4.0', 'H': '3.0', 'N': '1.0'}]",65.075,Cathode,1000.0,0.78,82.96507552238806
LiNi1â2xCoxMnxO2,"[{'Li': '1.0', 'Ni': '1.0'}]",65.633,Cathode,205.2,2.194840252955733,82.96507552238806
Zn0.9Ni0.075In0.025,"[{'Zn': '0.9', 'Ni': '0.075', 'In': '0.025'}]",66.114475,Anode,900.0,2.194840252955733,82.96507552238806
ScB2,"[{'Sc': '1.0', 'B': '2.0'}]",66.57600000000001,Anode,400.0,2.194840252955733,82.96507552238806
Si / Sn-Ni / C / Al,"[{'Si': '1.0'}, {'C': '1.0'}, {'Al': '1.0'}]",67.078,Anode,37.0,2.194840252955733,100.0
PCBN,"[{'P': '1.0', 'C': '1.0', 'B': '1.0', 'N': '1.0'}]",67.802,Cathode,762.0,2.194840252955733,82.96507552238806
LNMO / LiPON,"[{'Li': '1.0', 'P': '1.0', 'O': '1.0', 'N': '1.0'}]",67.92,Cathode,77.9,2.194840252955733,82.96507552238806
Zn0.9Ni0.025In0.075,"[{'Zn': '0.9', 'Ni': '0.025', 'In': '0.075'}]",68.92082500000001,Anode,1155.0,0.8,98.0
TiB2,"[{'Ti': '1.0', 'B': '2.0'}]",69.487,Anode,2000.0,2.194840252955733,82.96507552238806
3Co1 / 3Mn1 / 3O2,"[{'Co': '0.3333', 'Mn': '0.3333', 'O': '2.0'}]",69.9512043,Cathode,107.2,4.6,82.96507552238806
LiPS,"[{'Li': '1.0', 'P': '1.0', 'S': '1.0'}]",69.974,Cathode,209.0,2.194840252955733,82.96507552238806
Mg0.2Co0.2Ni0.2Cu0.2Zn0.2O,"[{'Mg': '0.2', 'Co': '0.2', 'Ni': '0.2', 'Cu': '0.2', 'Zn': '0.2', 'O': '1.0'}]",70.1704,Anode,490.0,2.194840252955733,82.96507552238806
Li @ Cu,"[{'Li': '1.0'}, {'Cu': '1.0'}]",70.486,Anode,300.0,0.03,93.3
MnO,"[{'Mn': '1.0', 'O': '1.0'}]",70.937,Anode,1321.0,1.0,72.0
Co @ C,"[{'Co': '1.0'}, {'C': '1.0'}]",70.944,Anode,232.0,2.194840252955733,82.96507552238806
Mn0.9Co0.1O / CNT,"[{'Mn': '0.9', 'Co': '0.1', 'O': '1.0'}]",71.3365,Anode,500.0,2.194840252955733,98.5
SiO2 / C / CNTs,"[{'Si': '1.0', 'O': '2.0'}, {'C': '1.0'}]",72.094,Anode,386.5,2.194840252955733,82.96507552238806
VB2,"[{'V': '1.0', 'B': '2.0'}]",72.5615,Anode,4060.0,2.194840252955733,82.0
Si / CNF,"[{'Si': '1.0'}, {'C': '1.0', 'N': '1.0', 'F': '1.0'}]",73.101,Anode,2000.0,2.194840252955733,82.96507552238806
NiO,"[{'Ni': '1.0', 'O': '1.0'}]",74.692,Anode,1219.0,3.8,100.0
CoO,"[{'Co': '1.0', 'O': '1.0'}]",74.932,Anode,715.0,0.62,73.8
Glycine,"[{'N': '1.0', 'H': '5.0', 'C': '2.0', 'O': '2.0'}]",75.06700000000001,Cathode,120.0,2.194840252955733,82.96507552238806
Ni0.8Co0.1Mn0.1O1.1,"[{'Ni': '0.8', 'Co': '0.1', 'Mn': '0.1', 'O': '1.1'}]",75.94040000000001,Anode,750.0,2.194840252955733,82.96507552238806
PNP @ CNTs,"[{'P': '2.0', 'N': '1.0'}]",75.955,Anode,125.0,3.0,100.0
PCNF,"[{'P': '1.0', 'C': '1.0', 'N': '1.0', 'F': '1.0'}]",75.99,Anode,201.8,2.194840252955733,44.0
S / HPC,"[{'S': '1.0'}, {'H': '1.0', 'P': '1.0', 'C': '1.0'}]",76.053,Cathode,1377.0,2.194840252955733,100.0
Mg2Si,"[{'Mg': '2.0', 'Si': '1.0'}]",76.695,Anode,891.0,3.0,62.0
CVO,"[{'C': '1.0', 'V': '1.0', 'O': '1.0'}]",78.9515,Anode,1041.0,2.194840252955733,82.96507552238806
LiC6,"[{'Li': '1.0', 'C': '6.0'}]",79.006,Anode,200.0,1.5,75.0
LFS / FSO / C,"[{'F': '1.0', 'S': '1.0', 'O': '1.0'}, {'C': '1.0'}]",79.068,Cathode,74.0,2.194840252955733,82.96507552238806
CuO-CF,"[{'Cu': '1.0', 'O': '1.0'}]",79.545,Anode,152.2,1.4,99.0
TiO2,"[{'Ti': '1.0', 'O': '2.0'}]",79.865,Anode,119.0,0.38,97.0
Li1.27Cr0.2Mn0.53O2,"[{'Li': '1.27', 'Cr': '0.2', 'Mn': '0.53', 'O': '2.0'}]",80.32814,Cathode,280.0,2.194840252955733,82.96507552238806
Zn0.91Co0.09O,"[{'Zn': '0.91', 'Co': '0.09', 'O': '1.0'}]",80.79876999999999,Anode,1000.0,2.194840252955733,82.96507552238806
ZnO,"[{'Zn': '1.0', 'O': '1.0'}]",81.37899999999999,Anode,1504.0,1.637,70.0
VO2,"[{'V': '1.0', 'O': '2.0'}]",82.9395,Anode,235.0,0.3,35.0
MnO / C,"[{'Mn': '1.0', 'O': '1.0'}, {'C': '1.0'}]",82.948,Anode,776.0,0.5,69.2
Li1.23Mn0.46Fe0.15Ni0.15O2,"[{'Li': '1.23', 'Mn': '0.46', 'Fe': '0.15', 'Ni': '0.15', 'O': '2.0'}]",82.98638000000001,Cathode,255.0,2.194840252955733,82.96507552238806
Li1.2Cr0.4Mn0.4O2,"[{'Li': '1.2', 'Cr': '0.4', 'Mn': '0.4', 'O': '2.0'}]",83.09960000000001,Cathode,150.0,2.194840252955733,82.96507552238806
Si / B4C / graphite,"[{'Si': '1.0'}, {'B': '4.0', 'C': '1.0'}]",83.336,Anode,822.0,2.194840252955733,82.96507552238806
Li1.231Mn0.615Ni0.154O2,"[{'Li': '1.231', 'Mn': '0.615', 'Ni': '0.154', 'O': '2.0'}]",83.366732,Cathode,180.0,4.8,82.96507552238806
FeSi,"[{'Fe': '1.0', 'Si': '1.0'}]",83.93,Anode,500.0,2.194840252955733,82.96507552238806
AlF3,"[{'Al': '1.0', 'F': '3.0'}]",83.976,Cathode,1119.0,2.29,98.1
Ge @ C,"[{'Ge': '1.0'}, {'C': '1.0'}]",84.64099999999999,Anode,1163.9,2.194840252955733,99.0
Li1.2Ni0.2Mn0.6O2,"[{'Li': '1.2', 'Ni': '0.2', 'Mn': '0.6', 'O': '2.0'}]",85.0274,Cathode,161.7,4.5,65.9
Li1.2Mn0.6Ni0.1Co0.1O2,"[{'Li': '1.2', 'Mn': '0.6', 'Ni': '0.1', 'Co': '0.1', 'O': '2.0'}]",85.05140000000002,Cathode,46.0,2.194840252955733,84.0
Si / C @ CNF,"[{'Si': '1.0'}, {'C': '2.0', 'N': '1.0', 'F': '1.0'}]",85.11200000000001,Anode,1506.5,2.194840252955733,82.96507552238806
Li1.2Mn0.56Ni0.16Co0.08O2,"[{'Li': '1.2', 'Mn': '0.56', 'Ni': '0.16', 'Co': '0.08', 'O': '2.0'}]",85.19680000000001,Cathode,175.1,4.8,91.7
Li1.2Ni0.15Mn0.55Co0.1O2,"[{'Li': '1.2', 'Ni': '0.15', 'Mn': '0.55', 'Co': '0.1', 'O': '2.0'}]",85.23915000000001,Cathode,232.0,4.8,85.0
Li1.2Mn0.54Ni0.13Co0.13O2,"[{'Li': '1.2', 'Mn': '0.54', 'Ni': '0.13', 'Co': '0.13', 'O': '2.0'}]",85.2839,Cathode,11.0,1.75,86.1
Li1.20Mn0.534Ni0.133Co0.133O2,"[{'Li': '1.2', 'Mn': '0.534', 'Ni': '0.133', 'Co': '0.133', 'O': '2.0'}]",85.30715000000001,Cathode,235.5,2.194840252955733,83.3
Li1.2Ni0.17Co0.10Mn0.53O2,"[{'Li': '1.2', 'Ni': '0.17', 'Co': '0.1', 'Mn': '0.53', 'O': '2.0'}]",85.31425,Cathode,220.0,2.194840252955733,82.96507552238806
K+-doped Li1.2Ni0.2Co0.08Mn0.52O2,"[{'Li': '1.2', 'Ni': '0.2', 'Co': '0.08', 'Mn': '0.52', 'O': '2.0'}]",85.34700000000001,Cathode,280.4,2.194840252955733,82.96507552238806
Li1.1V0.9O2,"[{'Li': '1.1', 'V': '0.9', 'O': '2.0'}]",85.47935,Anode,250.0,2.194840252955733,82.96507552238806
Li1.2Ni0.27Mn0.40Co0.13O2,"[{'Li': '1.2', 'Ni': '0.27', 'Mn': '0.4', 'Co': '0.13', 'O': '2.0'}]",85.8096,Cathode,190.0,2.194840252955733,82.96507552238806
Li1.2Mn0.4Co0.4O2,"[{'Li': '1.2', 'Mn': '0.4', 'Co': '0.4', 'O': '2.0'}]",85.87440000000001,Cathode,195.0,4.6,82.96507552238806
MnP,"[{'Mn': '1.0', 'P': '1.0'}]",85.912,Anode,870.0,2.0,78.8
3Mn0.8Fe0.1Ti0.1O2,"[{'Mn': '0.8', 'Fe': '0.1', 'Ti': '0.1', 'O': '2.0'}]",86.31960000000001,Cathode,144.16,4.0,82.96507552238806
Li1.17Ni0.25Mn0.58O2,"[{'Li': '1.17', 'Ni': '0.25', 'Mn': '0.58', 'O': '2.0'}]",86.65509,Cathode,250.0,4.6,82.96507552238806
NiO / C,"[{'Ni': '1.0', 'O': '1.0'}, {'C': '1.0'}]",86.70299999999999,Anode,600.0,3.0,82.96507552238806
Ni / Si,"[{'Ni': '1.0'}, {'Si': '1.0'}]",86.77799999999999,Anode,4095.0,1.5,94.6
BPCNF-900,"[{'B': '1.0', 'P': '1.0', 'C': '1.0', 'N': '1.0', 'F': '1.0'}]",86.80000000000001,Anode,746.0,2.194840252955733,82.96507552238806
FeP,"[{'Fe': '1.0', 'P': '1.0'}]",86.819,Anode,764.7,2.194840252955733,100.0
MnO2-280H,"[{'Mn': '1.0', 'O': '2.0'}]",86.936,Cathode,915.0,3.0,38.0
MnS-(ZnCo)S / N-C,"[{'Mn': '1.0', 'S': '1.0'}]",86.998,Anode,396.0,3.0,82.96507552238806
Li1.15(Ni0.36Mn0.64)0.85O2,"[{'Ni': '0.306', 'Mn': '0.544', 'Li': '1.15', 'O': '2.0'}]",87.82533000000001,Cathode,220.0,2.194840252955733,82.0
FeHCF,"[{'Fe': '1.0', 'H': '1.0', 'C': '1.0', 'F': '1.0'}]",87.86200000000001,Cathode,50.0,2.194840252955733,82.96507552238806
FeS,"[{'Fe': '1.0', 'S': '1.0'}]",87.905,Anode,703.0,2.194840252955733,82.96507552238806
HCN @ TiN-S,"[{'H': '1.0', 'C': '1.0', 'N': '1.0'}, {'Ti': '1.0', 'N': '1.0'}]",88.9,Cathode,1097.8,2.194840252955733,98.0
Li1.131Mn0.504Ni0.243Co0.122O2,"[{'Li': '1.131', 'Mn': '0.504', 'Ni': '0.243', 'Co': '0.122', 'O': '2.0'}]",88.988117,Cathode,246.5,2.194840252955733,82.96507552238806
SiO / CNF,"[{'Si': '1.0', 'O': '1.0'}, {'C': '1.0', 'N': '1.0', 'F': '1.0'}]",89.10000000000001,Anode,700.0,2.194840252955733,82.96507552238806
Li0.33MnO2,"[{'Li': '0.33', 'Mn': '1.0', 'O': '2.0'}]",89.2262,Cathode,200.0,2.194840252955733,82.96507552238806
Nickel phosphide,"[{'Ni': '1.0', 'P': '1.0'}]",89.667,Anode,500.0,0.4,82.96507552238806
CoP,"[{'Co': '1.0', 'P': '1.0'}]",89.907,Anode,500.0,3.0,82.96507552238806
Si @ TiN,"[{'Si': '1.0'}, {'Ti': '1.0', 'N': '1.0'}]",89.959,Anode,2048.8,2.194840252955733,82.96507552238806
SiP2,"[{'Si': '1.0', 'P': '2.0'}]",90.033,Anode,491.0,2.194840252955733,82.96507552238806
NiHCF,"[{'Ni': '1.0', 'H': '1.0', 'C': '1.0', 'F': '1.0'}]",90.71,Cathode,60.0,3.3,82.96507552238806
NiS,"[{'Ni': '1.0', 'S': '1.0'}]",90.753,Cathode,153.0,2.194840252955733,82.96507552238806
Li1.3Nb0.3Mn0.4O2,"[{'Li': '1.3', 'Nb': '0.3', 'Mn': '0.4', 'O': '2.0'}]",90.867,Cathode,300.0,2.194840252955733,82.96507552238806
LiCrO2Â·Li2MnO3,"[{'Li': '1.0', 'Cr': '1.0', 'O': '2.0'}]",90.934,Cathode,172.0,2.73,85.0
Li2S / CNF,"[{'Li': '2.0', 'S': '1.0'}, {'C': '1.0', 'N': '1.0', 'F': '1.0'}]",90.95600000000002,Cathode,520.0,2.194840252955733,82.96507552238806
Se / C,"[{'Se': '1.0'}, {'C': '1.0'}]",90.982,Cathode,600.0,2.194840252955733,95.0
CoS @ 1T-MoS2,"[{'Co': '1.0', 'S': '1.0'}]",90.993,Anode,1294.0,2.194840252955733,82.96507552238806
LiCr0.33V0.33Mn0.33O2,"[{'Li': '1.0', 'Cr': '0.33', 'V': '0.33', 'Mn': '0.33', 'O': '2.0'}]",91.036915,Cathode,210.0,2.194840252955733,82.96507552238806
SiVC-2,"[{'Si': '1.0', 'V': '1.0', 'C': '1.0'}]",91.0375,Anode,901.0,2.194840252955733,82.96507552238806
NiOOH,"[{'Ni': '1.0', 'O': '2.0', 'H': '1.0'}]",91.699,Cathode,275.0,1.15,82.96507552238806
TiO2 / C,"[{'Ti': '1.0', 'O': '2.0'}, {'C': '1.0'}]",91.876,Anode,207.0,2.194840252955733,84.2
Orthosilicate,"[{'Si': '1.0', 'O': '4.0'}]",92.081,Cathode,14.0,2.5,82.96507552238806
Ni(OH)2,"[{'O': '2.0', 'H': '2.0', 'Ni': '1.0'}]",92.707,Cathode,289.0,0.1,82.96507552238806
Li2Se,"[{'Li': '2.0', 'Se': '1.0'}]",92.851,Cathode,100.0,2.4,82.96507552238806
MnF2,"[{'Mn': '1.0', 'F': '2.0'}]",92.934,Anode,540.0,2.194840252955733,100.0
Co(OH)2,"[{'O': '2.0', 'H': '2.0', 'Co': '1.0'}]",92.947,Anode,690.0,2.194840252955733,82.96507552238806
LiAl0.15Co0.85O2,"[{'Li': '1.0', 'Al': '0.15', 'Co': '0.85', 'O': '2.0'}]",93.07835,Cathode,160.0,2.194840252955733,82.96507552238806
ZnO / C,"[{'Zn': '1.0', 'O': '1.0'}, {'C': '1.0'}]",93.39,Anode,650.0,2.194840252955733,82.96507552238806
LiMn0.95Cr0.05O2,"[{'Li': '1.0', 'Mn': '0.95', 'Cr': '0.05', 'O': '2.0'}]",93.7289,Cathode,170.0,2.194840252955733,82.96507552238806
VO2(B),"[{'B': '1.0', 'V': '1.0', 'O': '2.0'}]",93.7495,Cathode,500.0,2.194840252955733,82.96507552238806
TiN-C / sulfur,"[{'Ti': '1.0', 'N': '1.0'}, {'S': '1.0'}]",93.934,Cathode,989.0,2.194840252955733,82.96507552238806
LiNi0.8Co0.1Al0.1O2,"[{'Li': '1.0', 'Ni': '0.8', 'Co': '0.1', 'Al': '0.1', 'O': '2.0'}]",94.4839,Cathode,140.0,2.194840252955733,89.0
LiNi0.75Co0.15Al0.10O2,"[{'Li': '1.0', 'Ni': '0.75', 'Co': '0.15', 'Al': '0.1', 'O': '2.0'}]",94.4959,Cathode,172.2,2.194840252955733,82.96507552238806
Phosphate,"[{'P': '1.0', 'O': '4.0'}]",94.97,Cathode,197.0,1.5,82.96507552238806
SiMn / C,"[{'Si': '1.0', 'Mn': '1.0'}, {'C': '1.0'}]",95.034,Anode,426.0,2.194840252955733,82.96507552238806
PEDOT : PSS-Mg2+,"[{'P': '1.0', 'S': '2.0'}]",95.094,Cathode,1219.0,2.194840252955733,82.96507552238806
LiNi0.2Mn0.6Co0.2O2,"[{'Li': '1.0', 'Ni': '0.2', 'Mn': '0.6', 'Co': '0.2', 'O': '2.0'}]",95.426,Cathode,258.0,2.194840252955733,82.96507552238806
CuHCF,"[{'Cu': '1.0', 'H': '1.0', 'C': '1.0', 'F': '1.0'}]",95.563,Cathode,10.0,0.05,82.96507552238806
CuS,"[{'Cu': '1.0', 'S': '1.0'}]",95.606,Anode,1087.1,1.1,98.8
LiNi0.5Mn0.5O2,"[{'Li': '1.0', 'Ni': '0.5', 'Mn': '0.5', 'O': '2.0'}]",95.7535,Cathode,120.3,5.11,78.0
S0.6Se0.4 @ CNF,"[{'S': '0.6', 'Se': '0.4'}, {'C': '1.0', 'N': '1.0', 'F': '1.0'}]",95.84040000000002,Cathode,346.0,2.194840252955733,82.96507552238806
Li2S / KB / CNT,"[{'Li': '2.0', 'S': '1.0'}, {'K': '1.0', 'B': '1.0'}]",95.848,Cathode,200.0,2.194840252955733,82.96507552238806
Titanate,"[{'Ti': '1.0', 'O': '3.0'}]",95.864,Anode,440.8,4.7,82.96507552238806
NVP,"[{'N': '1.0', 'V': '1.0', 'P': '1.0'}]",95.9225,Cathode,100.2,2.0,99.5
LiNi0.45Mn0.45Co0.1O2,"[{'Li': '1.0', 'Ni': '0.45', 'Mn': '0.45', 'Co': '0.1', 'O': '2.0'}]",95.96525,Cathode,168.0,4.3,82.96507552238806
LiNi0.8Co0.15Al0.05O2,"[{'Li': '1.0', 'Ni': '0.8', 'Co': '0.15', 'Al': '0.05', 'O': '2.0'}]",96.08145,Cathode,25.0,4.33,82.2
LiNi0.4Mn0.4Co0.2O2,"[{'Li': '1.0', 'Ni': '0.4', 'Mn': '0.4', 'Co': '0.2', 'O': '2.0'}]",96.177,Cathode,181.0,4.5,82.96507552238806
LiCo0.95Al0.05O2,"[{'Li': '1.0', 'Co': '0.95', 'Al': '0.05', 'O': '2.0'}]",96.27345,Cathode,141.0,2.194840252955733,82.96507552238806
LiNi1 / 3Co1 / 3Mn1 / 3O2,"[{'Li': '1.0', 'Ni': '0.3333', 'Co': '0.3333', 'Mn': '0.3333', 'O': '2.0'}]",96.4535812,Cathode,160.0,4.6,93.0
LiNi0.5Co0.2Mn0.3O2,"[{'Li': '1.0', 'Ni': '0.5', 'Co': '0.2', 'Mn': '0.3', 'O': '2.0'}]",96.5525,Cathode,76.0,3.0,82.96507552238806
LiNi0.82Co0.15Al0.03O2,"[{'Li': '1.0', 'Ni': '0.82', 'Co': '0.15', 'Al': '0.03', 'O': '2.0'}]",96.71567,Cathode,105.0,2.194840252955733,82.96507552238806
LiNi0.5Mn0.25Co0.25O2,"[{'Li': '1.0', 'Ni': '0.5', 'Mn': '0.25', 'Co': '0.25', 'O': '2.0'}]",96.75225,Cathode,156.0,2.194840252955733,82.96507552238806
Li1.05Ni1 / 3Co1 / 3Mn1 / 3O2,"[{'Li': '1.05', 'Ni': '0.3333', 'Co': '0.3333', 'Mn': '0.3333', 'O': '2.0'}]",96.8005812,Cathode,158.0,2.5,82.96507552238806
Li1.10Ni0.30Co0.30Mn0.40O2,"[{'Li': '1.1', 'Ni': '0.3', 'Co': '0.3', 'Mn': '0.4', 'O': '2.0'}]",96.895,Cathode,158.0,2.194840252955733,82.96507552238806
LiNi0.6Co0.2Mn0.2O2,"[{'Li': '1.0', 'Ni': '0.6', 'Co': '0.2', 'Mn': '0.2', 'O': '2.0'}]",96.928,Cathode,145.5,4.6,83.8
LiNi0.5Co0.3Mn0.2O2,"[{'Li': '1.0', 'Ni': '0.5', 'Co': '0.3', 'Mn': '0.2', 'O': '2.0'}]",96.952,Cathode,135.4,2.194840252955733,82.96507552238806
MnO @ NC-Z,"[{'Mn': '1.0', 'O': '1.0'}, {'N': '1.0', 'C': '1.0'}]",96.955,Anode,945.0,0.88,82.96507552238806
LiNi0.2Mn0.2Co0.6O2,"[{'Li': '1.0', 'Ni': '0.2', 'Mn': '0.2', 'Co': '0.6', 'O': '2.0'}]",97.024,Cathode,160.0,2.194840252955733,82.96507552238806
Na0.44MnO2,"[{'Na': '0.44', 'Mn': '1.0', 'O': '2.0'}]",97.0516,Cathode,150.0,2.0,82.96507552238806
LiNi0.7Co0.15Mn0.15O2,"[{'Li': '1.0', 'Ni': '0.7', 'Co': '0.15', 'Mn': '0.15', 'O': '2.0'}]",97.10375,Cathode,214.8,2.194840252955733,93.3
LiNi0.76Mn0.14Co0.10O2,"[{'Li': '1.0', 'Ni': '0.76', 'Mn': '0.14', 'Co': '0.1', 'O': '2.0'}]",97.1293,Cathode,164.0,2.194840252955733,88.0
LiNi0.8Co0.1Mn0.1O2,"[{'Li': '1.0', 'Ni': '0.8', 'Co': '0.1', 'Mn': '0.1', 'O': '2.0'}]",97.2795,Cathode,40.0,4.5,82.96507552238806
LiNi0.975Ti0.025O2,"[{'Li': '1.0', 'Ni': '0.975', 'Ti': '0.025', 'O': '2.0'}]",97.36035,Cathode,171.0,2.194840252955733,82.96507552238806
LiNi0.85Co0.075Mn0.075O2,"[{'Li': '1.0', 'Ni': '0.85', 'Co': '0.075', 'Mn': '0.075', 'O': '2.0'}]",97.367375,Cathode,193.0,2.194840252955733,82.96507552238806
ZnHCF,"[{'Zn': '1.0', 'H': '1.0', 'C': '1.0', 'F': '1.0'}]",97.397,Cathode,65.4,2.194840252955733,82.96507552238806
LiNi0.990Al0.005Ti0.005O2,"[{'Li': '1.0', 'Ni': '0.99', 'Al': '0.005', 'Ti': '0.005', 'O': '2.0'}]",97.418315,Cathode,1.45,2.194840252955733,82.96507552238806
ZnS,"[{'Zn': '1.0', 'S': '1.0'}]",97.44,Anode,650.0,2.0,82.96507552238806
LiNi0.995Al0.005O2,"[{'Li': '1.0', 'Ni': '0.995', 'Al': '0.005', 'O': '2.0'}]",97.472445,Cathode,0.81,4.4,82.96507552238806
LiNi0.475Mn0.475Zr0.05O2,"[{'Li': '1.0', 'Ni': '0.475', 'Mn': '0.475', 'Zr': '0.05', 'O': '2.0'}]",97.473925,Cathode,220.0,2.194840252955733,82.96507552238806
LiNi0.8Co0.15Mn0.05O2,"[{'Li': '1.0', 'Ni': '0.8', 'Co': '0.15', 'Mn': '0.05', 'O': '2.0'}]",97.47925,Cathode,209.0,2.194840252955733,82.96507552238806
LiNi0.990Ti0.010O2,"[{'Li': '1.0', 'Ni': '0.99', 'Ti': '0.01', 'O': '2.0'}]",97.52274,Cathode,175.0,2.194840252955733,82.96507552238806
LiCo0.99Al0.01O2,"[{'Li': '1.0', 'Co': '0.99', 'Al': '0.01', 'O': '2.0'}]",97.55149,Cathode,8.0,2.194840252955733,82.96507552238806
LiNiO2,"[{'Li': '1.0', 'Ni': '1.0', 'O': '2.0'}]",97.631,Cathode,224.0,2.5,82.96507552238806
LiNi0.9Co0.1O2,"[{'Li': '1.0', 'Ni': '0.9', 'Co': '0.1', 'O': '2.0'}]",97.655,Cathode,193.0,2.194840252955733,82.96507552238806
LiCo0.95Mn0.05O2,"[{'Li': '1.0', 'Co': '0.95', 'Mn': '0.05', 'O': '2.0'}]",97.67125,Cathode,194.0,3.0,82.96507552238806
LiNi0.8Co0.2O2,"[{'Li': '1.0', 'Ni': '0.8', 'Co': '0.2', 'O': '2.0'}]",97.679,Cathode,208.0,3.6,79.3
LiNi0.75Co0.25O2,"[{'Li': '1.0', 'Ni': '0.75', 'Co': '0.25', 'O': '2.0'}]",97.691,Cathode,167.0,3.0,82.96507552238806
LiNi0.74Co0.26O2,"[{'Li': '1.0', 'Ni': '0.74', 'Co': '0.26', 'O': '2.0'}]",97.6934,Cathode,210.0,2.194840252955733,82.96507552238806
LiCo0.4Ni0.6O2,"[{'Li': '1.0', 'Co': '0.4', 'Ni': '0.6', 'O': '2.0'}]",97.727,Cathode,140.0,2.194840252955733,82.96507552238806
LiCo0.7Ni0.3O2,"[{'Li': '1.0', 'Co': '0.7', 'Ni': '0.3', 'O': '2.0'}]",97.799,Cathode,140.0,2.8,82.96507552238806
Li(Co0.75Ni0.25)O2,"[{'Li': '1.0', 'Co': '0.75', 'Ni': '0.25', 'O': '2.0'}]",97.811,Cathode,148.0,2.194840252955733,82.96507552238806
LCO,"[{'Li': '1.0', 'Co': '1.0', 'O': '2.0'}]",97.871,Cathode,195.0,3.9,98.0
LiNi0.975Ga0.025O2,"[{'Li': '1.0', 'Ni': '0.975', 'Ga': '0.025', 'O': '2.0'}]",97.90675,Cathode,0.04,2.194840252955733,82.96507552238806
Fluorophosphate,"[{'P': '1.0', 'O': '3.0', 'F': '1.0'}]",97.969,Cathode,100.0,2.194840252955733,82.96507552238806
Na0.4Mn0.54Co0.46O2,"[{'Na': '0.4', 'Mn': '0.54', 'Co': '0.46', 'O': '2.0'}]",97.9697,Cathode,145.0,2.194840252955733,88.0
Li1.5Ni0.25Mn0.75O2+d,"[{'Li': '1.5', 'Ni': '0.25', 'Mn': '0.75', 'O': '2.0'}]",98.28475000000002,Cathode,159.0,2.0,82.96507552238806
Li1.5Mn0.75Ni0.15Co0.10O2+Î´,"[{'Li': '1.5', 'Mn': '0.75', 'Ni': '0.15', 'Co': '0.1', 'O': '2.0'}]",98.30875,Cathode,64.9,2.194840252955733,82.96507552238806
Na0.44Mn0.6Ni0.4O2,"[{'Na': '0.44', 'Mn': '0.6', 'Ni': '0.4', 'O': '2.0'}]",98.5536,Cathode,146.1,4.0,82.96507552238806
Li0.946Ca0.027CoO2,"[{'Li': '0.946', 'Ca': '0.027', 'Co': '1.0', 'O': '2.0'}]",98.578346,Cathode,177.9,4.3,82.96507552238806
K0.3MnO2,"[{'K': '0.3', 'Mn': '1.0', 'O': '2.0'}]",98.6654,Cathode,136.0,4.0,82.96507552238806
FeP @ C,"[{'Fe': '1.0', 'P': '1.0'}, {'C': '1.0'}]",98.83,Anode,363.0,1.08,50.0
Na0.5Ni0.23Fe0.13Mn0.63O2,"[{'Na': '0.5', 'Ni': '0.23', 'Fe': '0.13', 'Mn': '0.63', 'O': '2.0'}]",98.86318,Cathode,60.0,2.194840252955733,82.96507552238806
SVO,"[{'S': '1.0', 'V': '1.0', 'O': '1.0'}]",99.0005,Cathode,250.0,1.5,82.96507552238806
Si / Co / C,"[{'Si': '1.0'}, {'Co': '1.0'}, {'C': '1.0'}]",99.029,Anode,610.0,2.194840252955733,82.96507552238806
Na0.5Ni0.25Mn0.75O2,"[{'Na': '0.5', 'Ni': '0.25', 'Mn': '0.75', 'O': '2.0'}]",99.36975,Cathode,180.0,2.194840252955733,82.96507552238806
FeS @ C,"[{'Fe': '1.0', 'S': '1.0'}, {'C': '1.0'}]",99.916,Anode,294.6,2.194840252955733,82.96507552238806
Na0.67Ni0.25Mg0.1Mn0.65O2,"[{'Na': '0.67', 'Ni': '0.25', 'Mg': '0.1', 'Mn': '0.65', 'O': '2.0'}]",100.21475,Cathode,63.0,2.194840252955733,82.96507552238806
Na0.80Li0.12Ni0.22Mn0.66O2,"[{'Na': '0.8', 'Li': '0.12', 'Ni': '0.22', 'Mn': '0.66', 'O': '2.0'}]",100.39434,Cathode,118.0,4.2,82.96507552238806
Si / Ge,"[{'Si': '1.0'}, {'Ge': '1.0'}]",100.715,Anode,1720.0,2.194840252955733,98.0
Na0.6MnO2,"[{'Na': '0.6', 'Mn': '1.0', 'O': '2.0'}]",100.73,Cathode,200.0,4.3,82.96507552238806
KOH / CNF,"[{'K': '1.0', 'O': '1.0', 'H': '1.0'}, {'C': '1.0', 'N': '1.0', 'F': '1.0'}]",101.121,Anode,122.0,2.194840252955733,82.96507552238806
Na0.6Co0.1Mn0.9O2,"[{'Na': '0.6', 'Co': '0.1', 'Mn': '0.9', 'O': '2.0'}]",101.1295,Cathode,187.0,2.194840252955733,82.96507552238806
Na0.75Mn0.7Ni0.23O2,"[{'Na': '0.75', 'Mn': '0.7', 'Ni': '0.23', 'O': '2.0'}]",101.19649,Cathode,268.0,3.6,43.0
TiOF2,"[{'Ti': '1.0', 'O': '1.0', 'F': '2.0'}]",101.862,Anode,205.0,2.194840252955733,82.96507552238806
VOCl,"[{'V': '1.0', 'O': '1.0', 'Cl': '1.0'}]",102.3905,Cathode,124.7,2.194840252955733,82.96507552238806
Li / CuS,"[{'Li': '1.0'}, {'Cu': '1.0', 'S': '1.0'}]",102.546,Cathode,561.0,2.194840252955733,82.96507552238806
Na0.67Fe0.5Mn0.5O2,"[{'Na': '0.67', 'Fe': '0.5', 'Mn': '0.5', 'O': '2.0'}]",102.7928,Cathode,136.7,2.194840252955733,82.96507552238806
CNT / CoS @ C,"[{'Co': '1.0', 'S': '1.0', 'C': '1.0'}]",103.004,Anode,341.0,3.0,99.6
Na0.7MnO2,"[{'Na': '0.7', 'Mn': '1.0', 'O': '2.0'}]",103.029,Cathode,140.9,3.9,82.96507552238806
Na0.67Co0.25Mn0.65Cr0.10O2,"[{'Na': '0.67', 'Co': '0.25', 'Mn': '0.65', 'Cr': '0.1', 'O': '2.0'}]",103.04385,Cathode,86.0,2.194840252955733,82.96507552238806
Na0.67Co0.25Mn0.75O2,"[{'Na': '0.67', 'Co': '0.25', 'Mn': '0.75', 'O': '2.0'}]",103.33805,Cathode,52.79,2.4,82.96507552238806
Na0.8Li0.1Ni0.31Mn0.62O2,"[{'Na': '0.8', 'Li': '0.1', 'Ni': '0.31', 'Mn': '0.62', 'O': '2.0'}]",103.34039,Cathode,80.0,4.4,76.0
Na0.67Ni0.33Mn0.67O2,"[{'Na': '0.67', 'Ni': '0.33', 'Mn': '0.67', 'O': '2.0'}]",103.57845000000002,Cathode,140.0,4.5,82.96507552238806
GeP,"[{'Ge': '1.0', 'P': '1.0'}]",103.604,Anode,520.0,2.5,78.0
Na0.67Mn0.65Ni0.2Co0.15O2,"[{'Na': '0.67', 'Mn': '0.65', 'Ni': '0.2', 'Co': '0.15', 'O': '2.0'}]",103.68955,Cathode,93.0,1.5,82.96507552238806
OH-S @ MnO2,"[{'O': '1.0', 'H': '1.0'}, {'Mn': '1.0', 'O': '2.0'}]",103.943,Cathode,1155.0,2.35,100.0
Na0.66Co0.5Mn0.5O2,"[{'Na': '0.66', 'Co': '0.5', 'Mn': '0.5', 'O': '2.0'}]",104.1069,Cathode,156.1,2.194840252955733,82.96507552238806
Li1.4Ni0.3Mn0.7O2.4,"[{'Li': '1.4', 'Ni': '0.3', 'Mn': '0.7', 'O': '2.4'}]",104.1781,Cathode,329.6,4.3,82.96507552238806
Li2NiO2,"[{'Li': '2.0', 'Ni': '1.0', 'O': '2.0'}]",104.571,Cathode,337.0,2.194840252955733,82.96507552238806
GeO2,"[{'Ge': '1.0', 'O': '2.0'}]",104.628,Anode,165.0,2.194840252955733,99.0
SiO2 @ CNF,"[{'Si': '1.0', 'O': '2.0'}, {'C': '1.0', 'N': '1.0', 'F': '1.0'}]",105.099,Anode,817.0,2.194840252955733,82.96507552238806
Na0.95Cr0.95Ti0.05O2,"[{'Na': '0.95', 'Cr': '0.95', 'Ti': '0.05', 'O': '2.0'}]",105.62805,Cathode,104.0,2.194840252955733,82.96507552238806
LiVO3,"[{'Li': '1.0', 'V': '1.0', 'O': '3.0'}]",105.8785,Cathode,250.0,2.194840252955733,82.96507552238806
Li1.5Ni0.25Mn0.75O2.5,"[{'Li': '1.5', 'Ni': '0.25', 'Mn': '0.75', 'O': '2.5'}]",106.28425,Cathode,20.0,2.194840252955733,82.96507552238806
K0.5MnO2,"[{'K': '0.5', 'Mn': '1.0', 'O': '2.0'}]",106.485,Cathode,110.0,1.5,82.96507552238806
K0.45Mn0.5Co0.5O2,"[{'K': '0.45', 'Mn': '0.5', 'Co': '0.5', 'O': '2.0'}]",106.5276,Cathode,83.0,3.9,82.96507552238806
NbN,"[{'Nb': '1.0', 'N': '1.0'}]",106.913,Anode,300.0,2.194840252955733,82.96507552238806
K0.5[Mn0.8Fe0.1Ni0.1]O2,"[{'K': '0.5', 'Mn': '0.8', 'Fe': '0.1', 'Ni': '0.1', 'O': '2.0'}]",106.9512,Cathode,120.0,3.9,82.96507552238806
NaCrO2,"[{'Na': '1.0', 'Cr': '1.0', 'O': '2.0'}]",106.984,Cathode,123.0,3.0,55.0
Na0.7CoO2,"[{'Na': '0.7', 'Co': '1.0', 'O': '2.0'}]",107.024,Cathode,100.0,2.194840252955733,82.96507552238806
FeOCl,"[{'Fe': '1.0', 'O': '1.0', 'Cl': '1.0'}]",107.294,Cathode,155.0,3.5,82.96507552238806
Li2S / KB / C,"[{'Li': '2.0', 'S': '1.0'}, {'K': '1.0', 'B': '1.0'}, {'C': '1.0'}]",107.859,Cathode,400.0,2.1,100.0
Zn0.76Co0.24S @ C,"[{'Zn': '0.76', 'Co': '0.24', 'S': '1.0'}, {'C': '1.0'}]",107.90372,Anode,579.0,2.194840252955733,82.96507552238806
NVP / C,"[{'N': '1.0', 'V': '1.0', 'P': '1.0'}, {'C': '1.0'}]",107.9335,Cathode,101.0,2.2,99.0
Na0.74CoO2,"[{'Na': '0.74', 'Co': '1.0', 'O': '2.0'}]",107.9436,Cathode,107.0,2.194840252955733,82.96507552238806
Si @ TiO2,"[{'Si': '1.0'}, {'Ti': '1.0', 'O': '2.0'}]",107.95,Anode,2726.1,2.5,82.96507552238806
CS3,"[{'C': '1.0', 'S': '3.0'}]",108.191,Cathode,238.1,2.194840252955733,82.96507552238806
NaNi0.5Ti0.5O2,"[{'Na': '1.0', 'Ni': '0.5', 'Ti': '0.5', 'O': '2.0'}]",108.268,Cathode,82.0,2.194840252955733,82.96507552238806
Na @ NaPS-3,"[{'Na': '1.0'}, {'Na': '1.0', 'P': '1.0', 'S': '1.0'}]",109.014,Anode,106.0,2.194840252955733,82.96507552238806
ZnS / C,"[{'Zn': '1.0', 'S': '1.0'}, {'C': '1.0'}]",109.451,Anode,268.0,0.05,82.96507552238806
LTO,"[{'Li': '2.0', 'Ti': '1.0', 'O': '3.0'}]",109.744,Anode,161.0,0.8,91.0
Na0.67Ni0.33Mn0.57Sn0.1O2,"[{'Na': '0.67', 'Ni': '0.33', 'Mn': '0.57', 'Sn': '0.1', 'O': '2.0'}]",109.95565,Cathode,155.2,2.0,82.96507552238806
NaNi0.35Mn0.35Fe0.3O2,"[{'Na': '1.0', 'Ni': '0.35', 'Mn': '0.35', 'Fe': '0.3', 'O': '2.0'}]",111.51235,Cathode,300.0,2.194840252955733,82.96507552238806
NaNi0.5Mn0.5O2,"[{'Na': '1.0', 'Ni': '0.5', 'Mn': '0.5', 'O': '2.0'}]",111.8035,Cathode,125.0,1.0,82.96507552238806
S @ TiO2 / GA-1,"[{'S': '1.0', 'Ti': '1.0', 'O': '2.0'}]",111.925,Cathode,869.0,2.194840252955733,82.96507552238806
Fe0.92Mn0.08Si2,"[{'Fe': '0.92', 'Mn': '0.08', 'Si': '2.0'}]",111.94244,Anode,210.0,2.194840252955733,82.96507552238806
TiS2,"[{'Ti': '1.0', 'S': '2.0'}]",111.987,Cathode,120.0,2.5,82.96507552238806
NaNi0.5Fe0.5O2,"[{'Na': '1.0', 'Ni': '0.5', 'Fe': '0.5', 'O': '2.0'}]",112.257,Cathode,189.0,4.2,82.96507552238806
FeF3,"[{'Fe': '1.0', 'F': '3.0'}]",112.839,Cathode,237.0,1.5,82.96507552238806
PVP,"[{'P': '2.0', 'V': '1.0'}]",112.8895,Cathode,200.0,2.194840252955733,95.6
Na[Ni0.6Co0.2Mn0.2]O2,"[{'Na': '1.0', 'Ni': '0.6', 'Co': '0.2', 'Mn': '0.2', 'O': '2.0'}]",112.978,Cathode,151.0,2.194840252955733,82.96507552238806
Fe0.9Co0.1F3Â·0.5H2O,"[{'Fe': '0.9', 'Co': '0.1', 'F': '3.0'}]",113.1478,Cathode,85.0,2.194840252955733,82.96507552238806
NVPF,"[{'N': '1.0', 'V': '1.0', 'P': '1.0', 'F': '1.0'}]",114.9205,Cathode,115.0,3.3,82.96507552238806
VS2,"[{'V': '1.0', 'S': '2.0'}]",115.0615,Cathode,1374.0,1.5,94.0
FeCO3,"[{'Fe': '1.0', 'C': '1.0', 'O': '3.0'}]",115.853,Anode,1796.0,2.194840252955733,82.96507552238806
Ni0.25Mn0.75CO3,"[{'Ni': '0.25', 'Mn': '0.75', 'C': '1.0', 'O': '3.0'}]",115.88475,Anode,1012.0,2.194840252955733,82.96507552238806
Li2MnO3,"[{'Li': '2.0', 'Mn': '1.0', 'O': '3.0'}]",116.815,Cathode,35.0,3.28,82.96507552238806
NiCo,"[{'Ni': '1.0', 'Co': '1.0'}]",117.626,Cathode,105.0,2.194840252955733,82.96507552238806
B2S3,"[{'B': '2.0', 'S': '3.0'}]",117.8,Anode,437.0,2.194840252955733,82.96507552238806
Li5AlSi2,"[{'Li': '5.0', 'Al': '1.0', 'Si': '2.0'}]",117.852,Anode,900.0,2.194840252955733,82.96507552238806
CoCO3,"[{'Co': '1.0', 'C': '1.0', 'O': '3.0'}]",118.941,Anode,1008.0,0.96,75.2
S @ MnO2,"[{'S': '1.0'}, {'Mn': '1.0', 'O': '2.0'}]",118.996,Cathode,760.0,2.1,82.96507552238806
CuFe-500,"[{'Cu': '1.0', 'Fe': '1.0'}]",119.391,Anode,194.6,2.194840252955733,82.96507552238806
TiO2-NWs-C / Si / C,"[{'Ti': '1.0', 'O': '2.0'}, {'Si': '1.0'}, {'C': '1.0'}]",119.96099999999998,Anode,2200.0,2.194840252955733,82.96507552238806
Si / C @ TiO2,"[{'Si': '1.0'}, {'C': '1.0', 'Ti': '1.0', 'O': '2.0'}]",119.961,Anode,1048.0,3.1,82.96507552238806
FeS2,"[{'Fe': '1.0', 'S': '2.0'}]",119.965,Cathode,140.6,1.7,82.96507552238806
MoC / C,"[{'Mo': '1.0', 'C': '1.0'}, {'C': '1.0'}]",119.972,Anode,742.0,2.194840252955733,82.96507552238806
LiMnBO3,"[{'Li': '1.0', 'Mn': '1.0', 'B': '1.0', 'O': '3.0'}]",120.685,Cathode,222.0,2.5,82.96507552238806
PVK,"[{'P': '1.0', 'V': '1.0', 'K': '1.0'}]",121.0135,Cathode,61.0,4.2,82.96507552238806
ZnS / C @ C,"[{'Zn': '1.0', 'S': '1.0'}, {'C': '2.0'}]",121.462,Anode,751.0,2.194840252955733,82.96507552238806
LTO / C,"[{'Li': '2.0', 'Ti': '1.0', 'O': '3.0'}, {'C': '1.0'}]",121.755,Anode,105.6,2.194840252955733,82.96507552238806
MnVO,"[{'Mn': '1.0', 'V': '1.0', 'O': '1.0'}]",121.8785,Anode,752.0,0.2,37.9
Ni / Cu,"[{'Ni': '1.0'}, {'Cu': '1.0'}]",122.239,Cathode,40.0,2.6,82.96507552238806
LiMn0.5Co0.5BO3,"[{'Li': '1.0', 'Mn': '0.5', 'Co': '0.5', 'B': '1.0', 'O': '3.0'}]",122.6825,Cathode,110.0,2.194840252955733,82.96507552238806
NiS2-40,"[{'Ni': '1.0', 'S': '2.0'}]",122.813,Cathode,794.0,0.5,82.96507552238806
CoS2,"[{'Co': '1.0', 'S': '2.0'}]",123.053,Cathode,835.0,2.194840252955733,82.96507552238806
Li(Fe0.5Co0.5)BO3,"[{'Li': '1.0', 'Fe': '0.5', 'Co': '0.5', 'B': '1.0', 'O': '3.0'}]",123.136,Cathode,120.0,2.194840252955733,82.96507552238806
HPHC / Se,"[{'H': '2.0', 'P': '1.0', 'C': '1.0'}, {'Se': '1.0'}]",123.972,Cathode,458.0,2.194840252955733,82.96507552238806
NCF / Se,"[{'N': '1.0', 'C': '1.0', 'F': '1.0'}, {'Se': '1.0'}]",123.987,Cathode,235.0,2.194840252955733,82.96507552238806
Si @ AlF3 @ C,"[{'Si': '1.0'}, {'Al': '1.0', 'F': '3.0'}, {'C': '1.0'}]",124.072,Anode,1600.0,2.194840252955733,82.96507552238806
Sulfur / C3N4,"[{'S': '1.0'}, {'C': '3.0', 'N': '4.0'}]",124.121,Cathode,720.0,2.1,82.96507552238806
LiCoBO3,"[{'Li': '1.0', 'Co': '1.0', 'B': '1.0', 'O': '3.0'}]",124.68,Cathode,98.0,4.0,82.96507552238806
S @ Ni(OH)2,"[{'S': '1.0'}, {'O': '2.0', 'H': '2.0', 'Ni': '1.0'}]",124.767,Cathode,523.0,3.0,82.96507552238806
FeF3 / C,"[{'Fe': '1.0', 'F': '3.0'}, {'C': '1.0'}]",124.85,Cathode,710.0,1.5,82.96507552238806
B2O3 / Fe,"[{'B': '2.0', 'O': '3.0'}, {'Fe': '1.0'}]",125.462,Anode,800.0,2.194840252955733,82.96507552238806
Fe2N @ AC @ rGO,"[{'Fe': '2.0', 'N': '1.0'}]",125.697,Anode,303.0,2.194840252955733,82.96507552238806
LiMnO4,"[{'Li': '1.0', 'Mn': '1.0', 'O': '4.0'}]",125.874,Cathode,60.0,2.194840252955733,82.96507552238806
NVPF @ C,"[{'N': '1.0', 'V': '1.0', 'P': '1.0', 'F': '1.0'}, {'C': '1.0'}]",126.9315,Cathode,130.0,4.3,82.96507552238806
FeHCCo,"[{'Fe': '1.0', 'H': '1.0', 'C': '1.0', 'Co': '1.0'}]",127.797,Cathode,116.0,2.194840252955733,99.6
MoO2,"[{'Mo': '1.0', 'O': '2.0'}]",127.948,Anode,523.0,0.35,82.96507552238806
MoS,"[{'Mo': '1.0', 'S': '1.0'}]",128.01,Cathode,170.0,2.194840252955733,82.96507552238806
Co0.85Se @ rGO,"[{'Co': '0.85', 'Se': '1.0'}]",129.06405,Anode,460.0,2.194840252955733,82.96507552238806
MnO2 / o-CP,"[{'Mn': '1.0', 'O': '2.0'}, {'C': '1.0', 'P': '1.0'}]",129.921,Cathode,180.0,2.194840252955733,82.96507552238806
Sn / C,"[{'Sn': '1.0'}, {'C': '1.0'}]",130.721,Anode,425.0,2.0,80.1
NVOPF / rGO,"[{'N': '1.0', 'V': '1.0', 'O': '1.0', 'P': '1.0', 'F': '1.0'}]",130.9195,Cathode,87.2,2.194840252955733,82.96507552238806
S @ MnO2 @ C,"[{'S': '1.0'}, {'Mn': '1.0', 'O': '2.0'}, {'C': '1.0'}]",131.007,Cathode,703.3,2.194840252955733,82.96507552238806
MnSiO3,"[{'Mn': '1.0', 'Si': '1.0', 'O': '3.0'}]",131.01999999999998,Anode,244.6,2.194840252955733,82.96507552238806
VB2 / Ni,"[{'V': '1.0', 'B': '2.0'}, {'Ni': '1.0'}]",131.2545,Anode,2700.0,0.7,85.6
FeS2 @ C,"[{'Fe': '1.0', 'S': '2.0'}, {'C': '1.0'}]",131.976,Cathode,893.0,2.194840252955733,82.96507552238806
LiMnBO3 / C,"[{'Li': '1.0', 'Mn': '1.0', 'B': '1.0', 'O': '3.0'}, {'C': '1.0'}]",132.696,Cathode,120.0,4.5,82.96507552238806
Li2MnO4,"[{'Li': '2.0', 'Mn': '1.0', 'O': '4.0'}]",132.814,Cathode,83.0,2.194840252955733,82.96507552238806
YS-Fe2O3 @ C,"[{'Y': '1.0', 'S': '1.0'}, {'C': '1.0'}]",132.977,Anode,986.0,2.194840252955733,74.6
RuO2,"[{'Ru': '1.0', 'O': '2.0'}]",133.06799999999998,Anode,1130.0,0.81,99.0
NiO / Ni / C-F,"[{'Ni': '1.0', 'O': '1.0'}, {'Ni': '1.0'}]",133.385,Anode,793.0,2.194840252955733,82.96507552238806
LiFeBO3 / C,"[{'Li': '1.0', 'Fe': '1.0', 'B': '1.0', 'O': '3.0'}, {'C': '1.0'}]",133.603,Cathode,69.0,2.194840252955733,82.96507552238806
Sb / C,"[{'Sb': '1.0'}, {'C': '1.0'}]",133.77100000000002,Anode,650.0,2.194840252955733,82.96507552238806
Co / CoO,"[{'Co': '1.0'}, {'Co': '1.0', 'O': '1.0'}]",133.865,Cathode,500.0,2.194840252955733,82.96507552238806
SnO,"[{'Sn': '1.0', 'O': '1.0'}]",134.709,Anode,1000.0,1.0,82.96507552238806
NiS2 / C,"[{'Ni': '1.0', 'S': '2.0'}, {'C': '1.0'}]",134.824,Cathode,315.0,1.6,82.96507552238806
NaMnF3,"[{'Na': '1.0', 'Mn': '1.0', 'F': '3.0'}]",134.922,Cathode,150.0,3.84,82.96507552238806
CoS2 / C,"[{'Co': '1.0', 'S': '2.0'}, {'C': '1.0'}]",135.064,Cathode,805.0,2.194840252955733,82.96507552238806
Li3VO4 / CâNi,"[{'Li': '3.0', 'V': '1.0', 'O': '4.0'}]",135.7575,Anode,325.0,3.0,82.96507552238806
NaFeF3,"[{'Na': '1.0', 'Fe': '1.0', 'F': '3.0'}]",135.829,Cathode,50.0,3.1,82.96507552238806
Si / Ag,"[{'Si': '1.0'}, {'Ag': '1.0'}]",135.955,Anode,1420.0,2.194840252955733,83.4
Na0.5NbO2,"[{'Na': '0.5', 'Nb': '1.0', 'O': '2.0'}]",136.399,Cathode,68.3,2.194840252955733,82.96507552238806
LiFeO4 / C,"[{'Li': '1.0', 'Fe': '1.0', 'O': '4.0'}, {'C': '1.0'}]",138.792,Cathode,244.8,2.194840252955733,82.96507552238806
NaCoF3,"[{'Na': '1.0', 'Co': '1.0', 'F': '3.0'}]",138.917,Cathode,38.0,2.194840252955733,82.96507552238806
MoO2 / C,"[{'Mo': '1.0', 'O': '2.0'}, {'C': '1.0'}]",139.959,Anode,1290.0,2.194840252955733,43.2
KVPF,"[{'K': '1.0', 'V': '1.0', 'P': '1.0', 'F': '1.0'}]",140.0115,Cathode,84.0,3.4,82.96507552238806
Silicon nitride,"[{'Si': '3.0', 'N': '4.0'}]",140.283,Anode,95.0,2.194840252955733,82.96507552238806
Sodium titanate,"[{'Na': '2.0', 'Ti': '1.0', 'O': '3.0'}]",141.844,Anode,150.0,2.5,82.96507552238806
Fe2P-Fum-C,"[{'Fe': '2.0', 'P': '1.0'}]",142.664,Anode,439.0,2.194840252955733,82.96507552238806
NiSi2 / Si,"[{'Ni': '1.0', 'Si': '2.0'}, {'Si': '1.0'}]",142.948,Anode,477.0,2.194840252955733,82.96507552238806
SeS2,"[{'Se': '1.0', 'S': '2.0'}]",143.091,Cathode,395.0,0.5,82.96507552238806
LiZnBO3 / C,"[{'Li': '1.0', 'Zn': '1.0', 'B': '1.0', 'O': '3.0'}, {'C': '1.0'}]",143.138,Anode,658.0,2.194840252955733,82.96507552238806
FeC2O4,"[{'Fe': '1.0', 'C': '2.0', 'O': '4.0'}]",143.863,Anode,946.0,2.194840252955733,82.96507552238806
MoO3,"[{'Mo': '1.0', 'O': '3.0'}]",143.947,Anode,22.0,2.05,69.5
Si0.8Sb,"[{'Si': '0.8', 'Sb': '1.0'}]",144.228,Anode,862.7,2.194840252955733,82.96507552238806
Mo0.8Si0.2P2,"[{'Mo': '0.8', 'Si': '0.2', 'P': '2.0'}]",144.32500000000002,Anode,730.0,2.194840252955733,82.96507552238806
ZnSe-NC,"[{'Zn': '1.0', 'Se': '1.0'}]",144.351,Anode,592.0,2.194840252955733,82.96507552238806
(MoO3)0.98(V2O5)0.02,"[{'Mo': '0.98', 'O': '3.04', 'V': '0.04'}]",144.70561999999998,Cathode,280.6,2.194840252955733,82.96507552238806
Ru @ HPC,"[{'Ru': '1.0'}, {'H': '1.0', 'P': '1.0', 'C': '1.0'}]",145.063,Cathode,1000.0,2.194840252955733,82.96507552238806
MnO2 / Ni / PVDF,"[{'Mn': '1.0', 'O': '2.0'}, {'Ni': '1.0'}]",145.62900000000002,Anode,913.7,2.194840252955733,82.96507552238806
VPO4,"[{'V': '1.0', 'P': '1.0', 'O': '4.0'}]",145.9115,Anode,887.3,2.194840252955733,82.96507552238806
FeNiHCF,"[{'Fe': '1.0', 'Ni': '1.0', 'H': '1.0', 'C': '1.0', 'F': '1.0'}]",146.55499999999998,Cathode,106.0,2.194840252955733,82.96507552238806
Si / Sn,"[{'Si': '1.0'}, {'Sn': '1.0'}]",146.795,Anode,1244.0,2.194840252955733,82.96507552238806
CuCrO2,"[{'Cu': '1.0', 'Cr': '1.0', 'O': '2.0'}]",147.54,Anode,641.0,2.194840252955733,82.96507552238806
S / CB @ Ni(OH)2,"[{'S': '1.0'}, {'O': '2.0', 'H': '2.0', 'C': '1.0', 'B': '1.0', 'Ni': '1.0'}]",147.58800000000002,Cathode,810.0,2.194840252955733,82.96507552238806
Li3VO4 / N-doped C,"[{'Li': '3.0', 'V': '1.0', 'O': '4.0'}, {'C': '1.0'}]",147.7685,Anode,472.0,2.194840252955733,82.96507552238806
LiNbO3,"[{'Li': '1.0', 'Nb': '1.0', 'O': '3.0'}]",147.84300000000002,Anode,61.0,3.7,90.2
Co @ PNCS-2,"[{'Co': '1.0'}, {'P': '1.0', 'N': '1.0', 'C': '1.0', 'S': '1.0'}]",147.985,Cathode,4352.0,0.17,82.96507552238806
Li2NiF4-PEDOT,"[{'Li': '2.0', 'Ni': '1.0', 'F': '4.0'}]",148.565,Cathode,393.0,2.194840252955733,6.0
NiCoP,"[{'Ni': '1.0', 'Co': '1.0', 'P': '1.0'}]",148.6,Anode,144.0,2.194840252955733,82.96507552238806
V2O3 / rGO,"[{'V': '2.0', 'O': '3.0'}]",149.88,Anode,1393.2,0.1,100.0
CoSe @ C,"[{'Co': '1.0', 'Se': '1.0'}, {'C': '1.0'}]",149.915,Cathode,427.0,2.194840252955733,95.0
Ni / PCNFO-S,"[{'Ni': '1.0'}, {'P': '1.0', 'C': '1.0', 'N': '1.0', 'F': '1.0', 'O': '1.0'}]",150.682,Cathode,675.0,0.16,99.0
SnO2 / MXene,"[{'Sn': '1.0', 'O': '2.0'}]",150.708,Anode,736.0,0.8,82.9
SnS,"[{'Sn': '1.0', 'S': '1.0'}]",150.76999999999998,Anode,439.0,1.15,68.0
FePO4 / graphene,"[{'Fe': '1.0', 'P': '1.0', 'O': '4.0'}]",150.815,Cathode,112.0,1.0,82.96507552238806
ZFO @ PPY,"[{'P': '2.0', 'Y': '1.0'}]",150.854,Anode,1346.0,2.194840252955733,82.96507552238806
FeS2 @ CF-NS,"[{'Fe': '1.0', 'S': '2.0'}, {'C': '1.0', 'F': '1.0'}]",150.974,Anode,727.0,2.194840252955733,82.96507552238806
Li2Ru0.75Mn0.25O3,"[{'Li': '2.0', 'Ru': '0.75', 'Mn': '0.25', 'O': '3.0'}]",151.414,Cathode,230.0,2.194840252955733,82.96507552238806
GeSe,"[{'Ge': '1.0', 'Se': '1.0'}]",151.601,Anode,707.12,2.194840252955733,82.96507552238806
FeTiO3,"[{'Fe': '1.0', 'Ti': '1.0', 'O': '3.0'}]",151.709,Anode,142.4,2.194840252955733,82.96507552238806
NIB,"[{'N': '1.0', 'I': '1.0', 'B': '1.0'}]",151.717,Anode,130.0,4.5,82.96507552238806
Cr2O3,"[{'Cr': '2.0', 'O': '3.0'}]",151.989,Anode,60.5,2.194840252955733,82.96507552238806
Ge @ TiO2,"[{'Ge': '1.0'}, {'Ti': '1.0', 'O': '2.0'}]",152.49499999999998,Anode,1460.0,2.194840252955733,82.96507552238806
NiTiO3,"[{'Ni': '1.0', 'Ti': '1.0', 'O': '3.0'}]",154.55700000000002,Anode,500.0,2.194840252955733,82.96507552238806
CoTiO3,"[{'Co': '1.0', 'Ti': '1.0', 'O': '3.0'}]",154.797,Anode,520.0,2.194840252955733,82.96507552238806
CaMnO3 / C,"[{'Ca': '1.0', 'Mn': '1.0', 'O': '3.0'}, {'C': '1.0'}]",155.024,Cathode,3870.0,1.85,82.96507552238806
Co0.85Se / NC-X,"[{'Co': '0.85', 'Se': '1.0'}, {'N': '1.0', 'C': '1.0'}]",155.08205,Anode,776.6,3.0,67.54
CNT / S / ZrO2,"[{'S': '1.0'}, {'Zr': '1.0', 'O': '2.0'}]",155.282,Cathode,1138.0,2.194840252955733,82.96507552238806
NP2-Si @ TiO2,"[{'N': '1.0', 'P': '2.0'}, {'Ti': '1.0', 'O': '2.0'}]",155.82,Anode,889.5,2.194840252955733,82.96507552238806
MoO3 / C,"[{'Mo': '1.0', 'O': '3.0'}, {'C': '1.0'}]",155.958,Anode,500.0,2.194840252955733,72.5
LiMnPO4,"[{'Li': '1.0', 'Mn': '1.0', 'P': '1.0', 'O': '4.0'}]",156.848,Cathode,100.0,4.0,82.96507552238806
LiMn0.8Fe0.2PO4,"[{'Li': '1.0', 'Mn': '0.8', 'Fe': '0.2', 'P': '1.0', 'O': '4.0'}]",157.0294,Cathode,148.0,1.8,82.96507552238806
LiTi0.08Fe0.92PO4,"[{'Li': '1.0', 'Ti': '0.08', 'Fe': '0.92', 'P': '1.0', 'O': '4.0'}]",157.11676,Cathode,160.0,2.0,82.96507552238806
LiMn0.7Fe0.3PO4-C,"[{'Li': '1.0', 'Mn': '0.7', 'Fe': '0.3', 'P': '1.0', 'O': '4.0'}]",157.1201,Cathode,158.0,2.194840252955733,82.96507552238806
LiMn0.21Fe0.79PO4,"[{'Li': '1.0', 'Mn': '0.21', 'Fe': '0.79', 'P': '1.0', 'O': '4.0'}]",157.56453000000002,Cathode,108.45,2.194840252955733,82.96507552238806
LiFePO4,"[{'Li': '1.0', 'Fe': '1.0', 'P': '1.0', 'O': '4.0'}]",157.755,Cathode,56.7,0.2,84.3
Mn2O3,"[{'Mn': '2.0', 'O': '3.0'}]",157.873,Anode,1500.0,3.0,66.0
PI-3,"[{'P': '1.0', 'I': '1.0'}]",157.874,Cathode,522.0,4.4,82.96507552238806
MoP2,"[{'Mo': '1.0', 'P': '2.0'}]",157.898,Anode,1152.0,0.1,82.96507552238806
VPO4 @ C / graphene,"[{'V': '1.0', 'P': '1.0', 'O': '4.0', 'C': '1.0'}]",157.9225,Anode,1074.6,3.0,82.96507552238806
LiFe0.4Mn0.4Co0.2PO4 / C-based,"[{'Li': '1.0', 'Fe': '0.4', 'Mn': '0.4', 'Co': '0.2', 'P': '1.0', 'O': '4.0'}]",158.0098,Cathode,163.3,5.0,82.96507552238806
KMnO4,"[{'K': '1.0', 'Mn': '1.0', 'O': '4.0'}]",158.032,Cathode,243.5,2.8,82.96507552238806
LiFe3 / 4Co1 / 4PO4 / C,"[{'Li': '1.0', 'Fe': '0.75', 'Co': '0.25', 'P': '1.0', 'O': '4.0'}]",158.527,Cathode,170.0,2.194840252955733,82.96507552238806
Li0.99La0.01FePO4,"[{'Li': '0.99', 'La': '0.01', 'Fe': '1.0', 'P': '1.0', 'O': '4.0'}]",159.0747,Cathode,123.0,2.194840252955733,82.96507552238806
Fe1.7Mn0.3O3,"[{'Fe': '1.7', 'Mn': '0.3', 'O': '3.0'}]",159.4149,Anode,1000.0,2.194840252955733,82.96507552238806
Li2.1Ru0.9Co0.1O3,"[{'Li': '2.1', 'Ru': '0.9', 'Co': '0.1', 'O': '3.0'}]",159.4273,Cathode,250.0,3.6,82.96507552238806
Fe2O3-NA-1.5,"[{'Fe': '2.0', 'O': '3.0'}]",159.687,Anode,350.0,0.8,75.0
Ru / Ni,"[{'Ru': '1.0'}, {'Ni': '1.0'}]",159.76299999999998,Cathode,803.0,2.9,95.4
MoS2,"[{'Mo': '1.0', 'S': '2.0'}]",160.07,Cathode,453.0,0.45,100.0
Li5.6Fe0.4Co0.6O4,"[{'Li': '5.6', 'Fe': '0.4', 'Co': '0.6', 'O': '4.0'}]",160.5578,Cathode,200.0,2.194840252955733,82.96507552238806
LiNi0.5Co0.5PO4,"[{'Li': '1.0', 'Ni': '0.5', 'Co': '0.5', 'P': '1.0', 'O': '4.0'}]",160.723,Cathode,50.0,4.8,82.96507552238806
LiCoPO4,"[{'Li': '1.0', 'Co': '1.0', 'P': '1.0', 'O': '4.0'}]",160.84300000000002,Cathode,100.0,5.0,82.96507552238806
CNT @ Li2MnSiO4,"[{'Li': '2.0', 'Mn': '1.0', 'Si': '1.0', 'O': '4.0'}]",160.899,Cathode,67.0,2.2,82.96507552238806
Li2FeSiO4,"[{'Li': '2.0', 'Fe': '1.0', 'Si': '1.0', 'O': '4.0'}]",161.806,Cathode,94.0,4.2,82.96507552238806
V2O3 / C,"[{'V': '2.0', 'O': '3.0'}, {'C': '1.0'}]",161.891,Anode,1041.5,3.0,82.96507552238806
VOPO4,"[{'V': '1.0', 'O': '5.0', 'P': '1.0'}]",161.91049999999998,Cathode,135.0,2.194840252955733,82.96507552238806
SnO2 @ C,"[{'Sn': '1.0', 'O': '2.0'}, {'C': '1.0'}]",162.719,Anode,1032.0,0.9,98.0
SnS / C,"[{'Sn': '1.0', 'S': '1.0'}, {'C': '1.0'}]",162.78099999999998,Anode,320.0,2.194840252955733,82.96507552238806
Li2RuO3,"[{'Li': '2.0', 'Ru': '1.0', 'O': '3.0'}]",162.947,Cathode,106.1,2.194840252955733,82.96507552238806
Nickel oxide,"[{'Ni': '2.0', 'O': '3.0'}]",165.38299999999998,Anode,1111.08,1.5,82.96507552238806
Al-doped LiAl0.2Cr0.8TiO4,"[{'Li': '1.0', 'Al': '0.2', 'Cr': '0.8', 'Ti': '1.0', 'O': '4.0'}]",165.7962,Anode,123.0,2.194840252955733,82.96507552238806
Cobalt oxide,"[{'Co': '2.0', 'O': '3.0'}]",165.863,Anode,1036.0,2.75,82.96507552238806
LiFe0.9Mg0.1PO4 / C,"[{'Li': '1.0', 'Fe': '0.9', 'Mg': '0.1', 'P': '1.0', 'O': '4.0'}, {'C': '1.0'}]",166.612,Cathode,153.0,2.194840252955733,82.96507552238806
MnO2 @ TiO2,"[{'Mn': '1.0', 'O': '2.0'}, {'Ti': '1.0', 'O': '2.0'}]",166.801,Anode,400.0,2.194840252955733,82.96507552238806
Se / NPCP,"[{'Se': '1.0'}, {'N': '1.0', 'P': '2.0', 'C': '1.0'}]",166.937,Cathode,307.8,2.194840252955733,82.96507552238806
Ti3C2 / S @ PDA,"[{'Ti': '3.0', 'C': '2.0'}]",167.623,Cathode,160.0,2.1,82.96507552238806
C6O6 @ graphene,"[{'C': '6.0', 'O': '6.0'}]",168.06,Cathode,155.0,1.5,82.96507552238806
PIB,"[{'P': '1.0', 'I': '1.0', 'B': '1.0'}]",168.684,Anode,250.0,0.7,82.96507552238806
LiVOPO4,"[{'Li': '1.0', 'V': '1.0', 'O': '5.0', 'P': '1.0'}]",168.85049999999998,Cathode,89.7,0.66,82.96507552238806
LiMnPO4 / C,"[{'Li': '1.0', 'Mn': '1.0', 'P': '1.0', 'O': '4.0'}, {'C': '1.0'}]",168.859,Cathode,137.4,4.5,82.96507552238806
Ammonium vanadate,"[{'N': '3.0', 'H': '12.0', 'V': '1.0', 'O': '4.0'}]",169.05450000000002,Cathode,113.0,2.194840252955733,82.96507552238806
LiMn0.7Fe0.3PO4 / C,"[{'Li': '1.0', 'Mn': '0.7', 'Fe': '0.3', 'P': '1.0', 'O': '4.0'}, {'C': '1.0'}]",169.1311,Cathode,100.6,2.194840252955733,82.96507552238806
LiMn0.6Fe0.4PO4 / C,"[{'Li': '1.0', 'Mn': '0.6', 'Fe': '0.4', 'P': '1.0', 'O': '4.0'}, {'C': '1.0'}]",169.2218,Cathode,134.0,4.08,82.96507552238806
LiFe0.5Mn0.5PO4 / C,"[{'Li': '1.0', 'Fe': '0.5', 'Mn': '0.5', 'P': '1.0', 'O': '4.0'}, {'C': '1.0'}]",169.3125,Cathode,66.77,2.194840252955733,82.96507552238806
LiFePO4 / C,"[{'Li': '1.0', 'Fe': '1.0', 'P': '1.0', 'O': '4.0'}, {'C': '1.0'}]",169.766,Cathode,156.0,3.3,82.96507552238806
SIB,"[{'S': '1.0', 'I': '1.0', 'B': '1.0'}]",169.77,Anode,110.0,4.0,82.96507552238806
MnO2 @ C @ MnO,"[{'Mn': '1.0', 'O': '2.0'}, {'C': '1.0'}, {'Mn': '1.0', 'O': '1.0'}]",169.884,Anode,483.5,3.0,76.4
Te / CFC,"[{'Te': '1.0'}, {'C': '2.0', 'F': '1.0'}]",170.61999999999998,Cathode,316.7,2.194840252955733,82.96507552238806
Fe2Co-TPDC,"[{'Fe': '2.0', 'Co': '1.0'}]",170.623,Cathode,900.0,2.194840252955733,82.96507552238806
Fe2O3 @ C,"[{'Fe': '2.0', 'O': '3.0'}, {'C': '1.0'}]",171.698,Anode,854.0,2.194840252955733,82.96507552238806
LiVPO4F,"[{'Li': '1.0', 'V': '1.0', 'P': '1.0', 'O': '4.0', 'F': '1.0'}]",171.84949999999998,Cathode,139.1,4.1,82.96507552238806
MoS2 / C,"[{'Mo': '1.0', 'S': '2.0'}, {'C': '1.0'}]",172.081,Anode,462.8,3.0,99.0
CeO2,"[{'Ce': '1.0', 'O': '2.0'}]",172.118,Cathode,135.93,2.194840252955733,82.96507552238806
MgFeSiO4,"[{'Mg': '1.0', 'Fe': '1.0', 'Si': '1.0', 'O': '4.0'}]",172.23100000000002,Cathode,125.0,2.194840252955733,82.96507552238806
LiNiPO4 @ C,"[{'Li': '1.0', 'Ni': '1.0', 'P': '1.0', 'O': '4.0'}, {'C': '1.0'}]",172.614,Cathode,167.0,2.194840252955733,82.96507552238806
LiNi0.5Co0.5PO4 / C,"[{'Li': '1.0', 'Ni': '0.5', 'Co': '0.5', 'P': '1.0', 'O': '4.0'}, {'C': '1.0'}]",172.734,Cathode,74.0,4.71,82.96507552238806
LiCoPO4 / C,"[{'Li': '1.0', 'Co': '1.0', 'P': '1.0', 'O': '4.0'}, {'C': '1.0'}]",172.854,Cathode,130.0,2.194840252955733,82.96507552238806
CNT @ Li2MnSiO4 @ C,"[{'Li': '2.0', 'Mn': '1.0', 'Si': '1.0', 'O': '4.0'}, {'C': '1.0'}]",172.91,Cathode,168.0,2.26,82.96507552238806
NaFePO4,"[{'Na': '1.0', 'Fe': '1.0', 'P': '1.0', 'O': '4.0'}]",173.805,Cathode,125.0,2.194840252955733,82.96507552238806
Li2FeSiO4 / C,"[{'Li': '2.0', 'Fe': '1.0', 'Si': '1.0', 'O': '4.0'}, {'C': '1.0'}]",173.817,Cathode,146.0,3.2,82.96507552238806
SnSe0.5S0.5-180,"[{'Sn': '1.0', 'Se': '0.5', 'S': '0.5'}]",174.22549999999998,Anode,923.0,2.194840252955733,82.96507552238806
Copper oxide,"[{'Cu': '2.0', 'O': '3.0'}]",175.089,Anode,800.0,1.0,82.96507552238806
Li1.09Mn1.91O4,"[{'Li': '1.09', 'Mn': '1.91', 'O': '4.0'}]",176.49218,Cathode,91.0,4.3,82.96507552238806
LiFePO4F,"[{'Li': '1.0', 'Fe': '1.0', 'P': '1.0', 'O': '4.0', 'F': '1.0'}]",176.753,Cathode,148.0,2.194840252955733,82.96507552238806
LiFeSO4F0.56(OH)0.44,"[{'O': '4.44', 'H': '0.44', 'Li': '1.0', 'Fe': '1.0', 'S': '1.0', 'F': '0.56'}]",176.96296,Cathode,98.4,2.194840252955733,82.96507552238806
LiFeSO4F,"[{'Li': '1.0', 'Fe': '1.0', 'S': '1.0', 'O': '4.0', 'F': '1.0'}]",177.839,Cathode,151.0,3.6,82.96507552238806
MnP4,"[{'Mn': '1.0', 'P': '4.0'}]",178.834,Anode,350.0,2.194840252955733,82.96507552238806
Si / PPY,"[{'Si': '1.0'}, {'P': '2.0', 'Y': '1.0'}]",178.93900000000002,Anode,1000.0,2.194840252955733,82.96507552238806
VS4 @ rGO,"[{'V': '1.0', 'S': '4.0'}]",179.1815,Cathode,180.0,1.82,82.96507552238806
LiAl0.05Mn1.95O4,"[{'Li': '1.0', 'Al': '0.05', 'Mn': '1.95', 'O': '4.0'}]",179.41420000000002,Cathode,70.0,2.194840252955733,82.96507552238806
SnSb0.5,"[{'Sn': '1.0', 'Sb': '0.5'}]",179.59,Anode,518.0,2.194840252955733,82.96507552238806
FeS @ TiO2 @ C,"[{'Fe': '1.0', 'S': '1.0'}, {'Ti': '1.0', 'O': '2.0'}, {'C': '1.0'}]",179.78099999999998,Anode,384.0,3.0,82.96507552238806
Li1.01Mn1.99O4,"[{'Li': '1.01', 'Mn': '1.99', 'O': '4.0'}]",180.33202,Cathode,120.0,2.194840252955733,82.96507552238806
Si @ Si3N4 @ C,"[{'Si': '1.0'}, {'Si': '3.0', 'N': '4.0'}, {'C': '1.0'}]",180.379,Anode,1924.0,2.194840252955733,82.96507552238806
LiCr0.1Mn1.9O4,"[{'Li': '1.0', 'Cr': '0.1', 'Mn': '1.9', 'O': '4.0'}]",180.5178,Cathode,998.0,2.194840252955733,82.96507552238806
LiNiVO4,"[{'Li': '1.0', 'Ni': '1.0', 'V': '1.0', 'O': '4.0'}]",180.5705,Cathode,43.0,4.8,82.96507552238806
Li2SnO3,"[{'Li': '2.0', 'Sn': '1.0', 'O': '3.0'}]",180.587,Anode,956.3,2.194840252955733,82.96507552238806
LiMn2O4,"[{'Li': '1.0', 'Mn': '2.0', 'O': '4.0'}]",180.812,Cathode,126.0,3.0,96.2
LiCu0.01Cr0.01Mn1.98O4,"[{'Li': '1.0', 'Cu': '0.01', 'Cr': '0.01', 'Mn': '1.98', 'O': '4.0'}]",180.86866,Cathode,112.0,2.194840252955733,82.96507552238806
LiFe0.2Mn1.8O4,"[{'Li': '1.0', 'Fe': '0.2', 'Mn': '1.8', 'O': '4.0'}]",180.9934,Cathode,40.0,4.8,82.96507552238806
Li1.05Mn2O4,"[{'Li': '1.05', 'Mn': '2.0', 'O': '4.0'}]",181.159,Cathode,30.0,2.194840252955733,82.96507552238806
LiMn1.99Nd0.01O4,"[{'Li': '1.0', 'Mn': '1.99', 'Nd': '0.01', 'O': '4.0'}]",181.70502,Cathode,149.0,4.3,82.96507552238806
LiCr0.2Ni0.4Mn1.4O4,"[{'Li': '1.0', 'Cr': '0.2', 'Ni': '0.4', 'Mn': '1.4', 'O': '4.0'}]",181.7256,Cathode,145.5,4.0,82.96507552238806
LiLa0.01Zn0.01Mn1.98O4,"[{'Li': '1.0', 'La': '0.01', 'Zn': '0.01', 'Mn': '1.98', 'O': '4.0'}]",181.75614,Cathode,118.0,2.194840252955733,82.96507552238806
LiZn0.10Mn1.90O4,"[{'Li': '1.0', 'Zn': '0.1', 'Mn': '1.9', 'O': '4.0'}]",181.8562,Cathode,71.0,2.194840252955733,82.96507552238806
V2O5-YS,"[{'V': '2.0', 'O': '5.0'}]",181.878,Cathode,295.3,1.5,83.0
LiFe0.25Ni0.25Mn1.5O4,"[{'Li': '1.0', 'Fe': '0.25', 'Ni': '0.25', 'Mn': '1.5', 'O': '4.0'}]",181.9775,Cathode,0.05,2.194840252955733,82.96507552238806
Cu / Sn,"[{'Cu': '1.0'}, {'Sn': '1.0'}]",182.256,Anode,430.0,2.194840252955733,100.0
LiNi0.4Mn1.6O4,"[{'Li': '1.0', 'Ni': '0.4', 'Mn': '1.6', 'O': '4.0'}]",182.314,Cathode,146.0,5.0,82.96507552238806
LiNi0.5Mn1.5O4,"[{'Li': '1.0', 'Ni': '0.5', 'Mn': '1.5', 'O': '4.0'}]",182.6895,Cathode,136.0,5.0,99.98
S / SnO2 / C-HS,"[{'S': '1.0'}, {'Sn': '1.0', 'O': '2.0'}]",182.768,Cathode,766.0,2.194840252955733,82.96507552238806
LiMn1.5Co0.5O4,"[{'Li': '1.0', 'Mn': '1.5', 'Co': '0.5', 'O': '4.0'}]",182.8095,Cathode,576.05,2.194840252955733,82.96507552238806
SnS2,"[{'Sn': '1.0', 'S': '2.0'}]",182.83,Anode,472.78,0.6,98.0
K0.25Mn2O4,"[{'K': '0.25', 'Mn': '2.0', 'O': '4.0'}]",183.6465,Cathode,124.0,2.194840252955733,82.96507552238806
LiVPO4F / C,"[{'Li': '1.0', 'V': '1.0', 'P': '1.0', 'O': '4.0', 'F': '1.0'}, {'C': '1.0'}]",183.8605,Cathode,107.0,4.5,82.96507552238806
Cr2O5,"[{'Cr': '2.0', 'O': '5.0'}]",183.987,Cathode,270.0,2.194840252955733,82.96507552238806
Cu0.04V2O5,"[{'Cu': '0.04', 'V': '2.0', 'O': '5.0'}]",184.41984,Cathode,260.0,2.194840252955733,82.96507552238806
LiMn1.5Ni0.46Rh0.04O4,"[{'Li': '1.0', 'Mn': '1.5', 'Ni': '0.46', 'Rh': '0.04', 'O': '4.0'}]",184.45818,Cathode,153.0,2.194840252955733,82.96507552238806
Al / LiFePO4,"[{'Al': '1.0'}, {'Li': '1.0', 'Fe': '1.0', 'P': '1.0', 'O': '4.0'}]",184.737,Cathode,70.0,2.194840252955733,82.96507552238806
Li2CrMnO4,"[{'Li': '2.0', 'Cr': '1.0', 'Mn': '1.0', 'O': '4.0'}]",184.81,Cathode,25.0,2.194840252955733,82.96507552238806
LiMn1.4Ni0.55Mo0.05O4,"[{'Li': '1.0', 'Mn': '1.4', 'Ni': '0.55', 'Mo': '0.05', 'O': '4.0'}]",184.92785,Cathode,68.5,4.7,82.96507552238806
LiLa0.05Mn1.95O4,"[{'Li': '1.0', 'La': '0.05', 'Mn': '1.95', 'O': '4.0'}]",185.0106,Cathode,106.0,2.194840252955733,82.96507552238806
LiCe0.05Mn1.95O4,"[{'Li': '1.0', 'Ce': '0.05', 'Mn': '1.95', 'O': '4.0'}]",185.0711,Cathode,71.0,2.194840252955733,82.96507552238806
LiCo1.09Mn0.91O4,"[{'Li': '1.0', 'Co': '1.09', 'Mn': '0.91', 'O': '4.0'}]",185.16655,Cathode,131.2,3.2,82.96507552238806
K0.08Cu0.92O1âÎ³ @ Ag,"[{'K': '0.08', 'Cu': '0.92', 'O': '1.0'}, {'Ag': '1.0'}]",185.45916,Anode,804.3,2.194840252955733,82.96507552238806
SbS2 / graphene,"[{'Sb': '1.0', 'S': '2.0'}]",185.88,Anode,730.0,2.194840252955733,82.96507552238806
SnSe0.5S0.5 / C,"[{'Sn': '1.0', 'Se': '0.5', 'S': '0.5'}, {'C': '1.0'}]",186.2365,Anode,437.0,3.0,70.0
Ni / MoO2âÎ´,"[{'Ni': '1.0'}, {'Mo': '1.0', 'O': '2.0'}]",186.641,Anode,1630.9,2.194840252955733,82.96507552238806
Fe0.5TiOPO4,"[{'Fe': '0.5', 'Ti': '1.0', 'O': '5.0', 'P': '1.0'}]",186.7585,Anode,200.0,4.0,82.96507552238806
Li2CoPO4F,"[{'Li': '2.0', 'Co': '1.0', 'P': '1.0', 'O': '4.0', 'F': '1.0'}]",186.781,Cathode,136.0,2.0,82.96507552238806
Li2MnSiO4 / NC-2,"[{'Li': '2.0', 'Mn': '1.0', 'Si': '1.0', 'O': '4.0'}, {'N': '1.0', 'C': '1.0'}]",186.917,Cathode,263.1,2.194840252955733,82.96507552238806
TiO2 / Ti2C,"[{'Ti': '1.0', 'O': '2.0'}, {'Ti': '2.0', 'C': '1.0'}]",187.61,Cathode,227.3,2.194840252955733,82.96507552238806
P4O4,"[{'P': '4.0', 'O': '4.0'}]",187.892,Cathode,570.58,2.194840252955733,82.96507552238806
Cu0.1V2O5,"[{'Cu': '0.1', 'V': '2.0', 'O': '5.0'}]",188.2326,Cathode,180.0,2.194840252955733,82.96507552238806
Na0.282V2O5,"[{'Na': '0.282', 'V': '2.0', 'O': '5.0'}]",188.36118,Cathode,164.0,2.194840252955733,82.96507552238806
GeO2 / Ge / C,"[{'Ge': '1.0', 'O': '2.0'}, {'Ge': '1.0'}, {'C': '1.0'}]",189.269,Anode,1860.0,2.194840252955733,82.96507552238806
CoSn @ C,"[{'Co': '1.0', 'Sn': '1.0'}, {'C': '1.0'}]",189.654,Anode,231.3,0.2,82.96507552238806
KFePO4,"[{'K': '1.0', 'Fe': '1.0', 'P': '1.0', 'O': '4.0'}]",189.913,Cathode,156.0,2.194840252955733,82.96507552238806
Ni3NâCo3N @ CNT,"[{'Ni': '3.0', 'N': '1.0'}]",190.086,Anode,622.0,2.194840252955733,82.96507552238806
Mg2FeH6-G / TiO2,"[{'Mg': '2.0', 'Fe': '1.0', 'H': '6.0'}, {'Ti': '1.0', 'O': '2.0'}]",190.368,Anode,412.0,2.194840252955733,82.96507552238806
Li3FeF6 / CNTs,"[{'Li': '3.0', 'Fe': '1.0', 'F': '6.0'}]",190.653,Cathode,80.0,2.9,82.96507552238806
K0.25V2O5,"[{'K': '0.25', 'V': '2.0', 'O': '5.0'}]",191.6525,Cathode,163.0,2.194840252955733,82.96507552238806
RuO2 / Ni,"[{'Ru': '1.0', 'O': '2.0'}, {'Ni': '1.0'}]",191.761,Cathode,1675.0,2.6,82.96507552238806
MoS2 / rGO / S,"[{'Mo': '1.0', 'S': '2.0'}, {'S': '1.0'}]",192.13,Cathode,680.0,2.194840252955733,82.96507552238806
5LMO-LTO / C,"[{'Li': '1.0', 'Mn': '2.0', 'O': '4.0'}, {'C': '1.0'}]",192.823,Anode,162.3,2.194840252955733,82.96507552238806
Mn0.2V2O5Â·0.9H2O,"[{'Mn': '0.2', 'V': '2.0', 'O': '5.0'}]",192.8656,Cathode,300.0,2.194840252955733,82.96507552238806
Fe3N @ C,"[{'Fe': '3.0', 'N': '1.0'}, {'C': '1.0'}]",193.553,Anode,676.0,2.194840252955733,82.96507552238806
Na2FeSiO4,"[{'Na': '2.0', 'Fe': '1.0', 'Si': '1.0', 'O': '4.0'}]",193.906,Cathode,119.0,2.194840252955733,82.96507552238806
S / C @ SnO2,"[{'S': '1.0'}, {'C': '1.0', 'Sn': '1.0', 'O': '2.0'}]",194.779,Cathode,1180.0,2.194840252955733,82.96507552238806
SnS2 @ C,"[{'Sn': '1.0', 'S': '2.0'}, {'C': '1.0'}]",194.841,Anode,755.0,2.194840252955733,62.5
Fe1.5(PO4)(OH),"[{'P': '1.0', 'O': '5.0', 'H': '1.0', 'Fe': '1.5'}]",195.7445,Cathode,135.0,4.2,82.96507552238806
Li4C6O6,"[{'Li': '4.0', 'C': '6.0', 'O': '6.0'}]",195.82,Cathode,250.0,2.194840252955733,82.96507552238806
Pd / PNCNF-2,"[{'Pd': '1.0'}, {'P': '1.0', 'N': '2.0', 'C': '1.0', 'F': '1.0'}]",196.417,Cathode,1926.0,4.14,82.96507552238806
Na2CoSiO4,"[{'Na': '2.0', 'Co': '1.0', 'Si': '1.0', 'O': '4.0'}]",196.994,Cathode,98.0,2.194840252955733,82.96507552238806
SnSe,"[{'Sn': '1.0', 'Se': '1.0'}]",197.681,Anode,271.0,1.0,82.96507552238806
K2FeO4,"[{'K': '2.0', 'Fe': '1.0', 'O': '4.0'}]",198.037,Cathode,169.8,0.55,82.96507552238806
MgMn2O4,"[{'Mg': '1.0', 'Mn': '2.0', 'O': '4.0'}]",198.177,Cathode,247.0,2.194840252955733,82.96507552238806
Zn0.25V2O5Â·nH2O,"[{'Zn': '0.25', 'V': '2.0', 'O': '5.0'}]",198.223,Cathode,220.0,2.194840252955733,82.96507552238806
Li2CoPO4F / C,"[{'Li': '2.0', 'Co': '1.0', 'P': '1.0', 'O': '4.0', 'F': '1.0'}, {'C': '1.0'}]",198.792,Cathode,127.0,2.194840252955733,82.96507552238806
NaVPO4F / C,"[{'Na': '1.0', 'V': '1.0', 'P': '1.0', 'O': '4.0', 'F': '1.0'}, {'C': '1.0'}]",199.9105,Cathode,80.0,1.0,82.96507552238806
MgFe2O4,"[{'Mg': '1.0', 'Fe': '2.0', 'O': '4.0'}]",199.991,Anode,727.0,0.4,82.96507552238806
SnP0.6S2,"[{'Sn': '1.0', 'P': '0.6', 'S': '2.0'}]",201.4144,Anode,404.0,2.194840252955733,82.96507552238806
Mo2C,"[{'Mo': '2.0', 'C': '1.0'}]",203.911,Anode,155.0,3.5,82.96507552238806
Fe2O3 / CNF,"[{'Fe': '2.0', 'O': '3.0'}, {'C': '1.0', 'N': '1.0', 'F': '1.0'}]",204.703,Anode,515.1,2.194840252955733,82.96507552238806
Cu2Se,"[{'Cu': '2.0', 'Se': '1.0'}]",206.063,Cathode,120.0,0.2,82.96507552238806
Li2S6,"[{'Li': '2.0', 'S': '6.0'}]",206.24,Cathode,610.8,0.19,82.96507552238806
Na1.5VPO4.8F0.7,"[{'Na': '1.5', 'V': '1.0', 'P': '1.0', 'O': '4.8', 'F': '0.7'}]",206.4943,Cathode,946.0,3.3,82.96507552238806
Cu2O / Cu,"[{'Cu': '2.0', 'O': '1.0'}, {'Cu': '1.0'}]",206.637,Anode,315.0,2.194840252955733,82.96507552238806
Fe2F5Â·H2O / rGO,"[{'Fe': '2.0', 'F': '5.0'}]",206.68,Cathode,153.7,2.194840252955733,82.96507552238806
Li0.5Fe2.5O4,"[{'Li': '0.5', 'Fe': '2.5', 'O': '4.0'}]",207.0785,Anode,650.0,2.194840252955733,82.96507552238806
Pt / C,"[{'Pt': '1.0'}, {'C': '1.0'}]",207.091,Anode,400.0,1.4,82.96507552238806
SnP0.8S2,"[{'Sn': '1.0', 'P': '0.8', 'S': '2.0'}]",207.6092,Anode,1284.0,2.194840252955733,82.96507552238806
Li3CrMnO5,"[{'Li': '3.0', 'Cr': '1.0', 'Mn': '1.0', 'O': '5.0'}]",207.749,Cathode,200.0,4.3,82.96507552238806
RuO2 / NiO,"[{'Ru': '1.0', 'O': '2.0'}, {'Ni': '1.0', 'O': '1.0'}]",207.76,Cathode,500.0,2.75,82.96507552238806
NaI / Ni,"[{'Na': '1.0', 'I': '1.0'}, {'Ni': '1.0'}]",208.58300000000003,Cathode,126.0,2.605,100.0
SnSe / C,"[{'Sn': '1.0', 'Se': '1.0'}, {'C': '1.0'}]",209.692,Anode,748.5,1.9,82.96507552238806
Na2C8H4O4,"[{'Na': '2.0', 'C': '8.0', 'H': '4.0', 'O': '4.0'}]",210.096,Anode,268.0,3.6,82.96507552238806
SiO2 @ SnO2 / rGO,"[{'Si': '1.0', 'O': '4.0', 'Sn': '1.0'}]",210.791,Anode,291.5,2.194840252955733,82.96507552238806
NMC,"[{'Li': '1.0', 'Ni': '1.0', 'Mn': '1.0', 'Co': '1.0', 'O': '2.0'}]",211.502,Cathode,125.0,3.7,99.0
Hexacyanoferrate,"[{'C': '6.0', 'N': '6.0', 'Fe': '1.0'}]",211.953,Cathode,60.0,0.127,75.0
RuO2 / mTiO2,"[{'Ru': '1.0', 'O': '2.0'}, {'Ti': '1.0', 'O': '2.0'}]",212.933,Cathode,2000.0,4.0,82.96507552238806
Nickel sulfide,"[{'Ni': '2.0', 'S': '3.0'}]",213.566,Cathode,800.0,2.194840252955733,59.7
NaTi2(PO4),"[{'P': '1.0', 'O': '4.0', 'Na': '1.0', 'Ti': '2.0'}]",213.694,Cathode,102.0,2.194840252955733,82.96507552238806
FeSe2âC / rGO,"[{'Fe': '1.0', 'Se': '2.0'}]",213.787,Anode,917.6,2.194840252955733,52.55
Cobalt sulphide,"[{'Co': '2.0', 'S': '3.0'}]",214.046,Anode,1000.0,2.194840252955733,82.96507552238806
MnMoO4,"[{'Mn': '1.0', 'Mo': '1.0', 'O': '4.0'}]",214.884,Anode,800.0,2.194840252955733,82.96507552238806
Na2FePO4F,"[{'Na': '2.0', 'Fe': '1.0', 'P': '1.0', 'O': '4.0', 'F': '1.0'}]",215.793,Cathode,89.0,2.194840252955733,82.96507552238806
CoSe2,"[{'Co': '1.0', 'Se': '2.0'}]",216.875,Anode,546.7,3.0,96.0
Cu3Si-SCG,"[{'Cu': '3.0', 'Si': '1.0'}]",218.723,Anode,512.0,2.194840252955733,82.96507552238806
CoMoO4,"[{'Co': '1.0', 'Mo': '1.0', 'O': '4.0'}]",218.879,Cathode,1365.0,2.194840252955733,82.96507552238806
S @ TiO2 / Ti2C,"[{'S': '1.0', 'Ti': '1.0', 'O': '2.0'}, {'Ti': '2.0', 'C': '1.0'}]",219.67,Cathode,625.8,2.194840252955733,82.96507552238806
Li2MgSnO4,"[{'Li': '2.0', 'Mg': '1.0', 'Sn': '1.0', 'O': '4.0'}]",220.891,Anode,794.0,3.18,85.0
Cu3P,"[{'Cu': '3.0', 'P': '1.0'}]",221.612,Cathode,73.8,2.194840252955733,82.96507552238806
TiP2O7,"[{'Ti': '1.0', 'P': '2.0', 'O': '7.0'}]",221.808,Anode,100.0,2.194840252955733,90.0
Manganese oxide,"[{'Mn': '2.0', 'O': '7.0'}]",221.86900000000003,Cathode,308.0,2.5,82.96507552238806
CuO / Cu2O / Carbon,"[{'Cu': '1.0', 'O': '1.0'}, {'Cu': '2.0', 'O': '1.0'}]",222.636,Anode,491.0,2.194840252955733,99.0
Copper sulfide,"[{'Cu': '2.0', 'S': '3.0'}]",223.272,Cathode,447.0,2.194840252955733,82.96507552238806
SnP3 / C,"[{'Sn': '1.0', 'P': '3.0'}, {'C': '1.0'}]",223.643,Anode,810.0,2.194840252955733,82.96507552238806
IrO2,"[{'Ir': '1.0', 'O': '2.0'}]",224.218,Cathode,732.0,1.8,94.95
CoSnO3âNC-120,"[{'Co': '1.0', 'Sn': '1.0', 'O': '3.0'}]",225.64,Anode,100.0,2.194840252955733,82.96507552238806
FeSe2 / C,"[{'Fe': '1.0', 'Se': '2.0'}, {'C': '1.0'}]",225.798,Anode,364.5,2.194840252955733,82.96507552238806
SnO2 @ C / Cu,"[{'Sn': '1.0', 'O': '2.0', 'C': '1.0'}, {'Cu': '1.0'}]",226.265,Anode,660.0,2.194840252955733,82.96507552238806
HPC @ SnO2 / S,"[{'H': '1.0', 'P': '1.0', 'C': '1.0', 'Sn': '1.0', 'O': '2.0'}, {'S': '1.0'}]",226.761,Cathode,800.0,2.194840252955733,82.96507552238806
Mn3O4-G,"[{'Mn': '3.0', 'O': '4.0'}]",228.81000000000003,Anode,643.0,0.5,73.24
CoSe2 @ C / CNTs,"[{'Co': '1.0', 'Se': '2.0', 'C': '1.0'}]",228.886,Anode,390.0,1.9,80.0
MnFe2O4,"[{'Mn': '1.0', 'Fe': '2.0', 'O': '4.0'}]",230.624,Anode,100.0,1.3,82.96507552238806
Mg2+ / Fâ co-doped LiNi0.5Mn1.5,"[{'Mg': '2.0'}, {'Li': '1.0', 'Ni': '0.5', 'Mn': '1.5', 'O': '4.0'}]",231.2995,Cathode,115.0,2.194840252955733,82.96507552238806
Fe3O4,"[{'Fe': '3.0', 'O': '4.0'}]",231.531,Anode,812.0,0.8,38.0
Sn @ PVP-CX,"[{'Sn': '1.0'}, {'P': '2.0', 'V': '1.0'}]",231.5995,Anode,383.0,2.194840252955733,82.96507552238806
Tungsten oxide,"[{'W': '1.0', 'O': '3.0'}]",231.837,Anode,481.0,4.5,74.5
ZnSnO3,"[{'Zn': '1.0', 'Sn': '1.0', 'O': '3.0'}]",232.087,Anode,164.7,2.194840252955733,35.1
NiMn2O4 @ rGO-2,"[{'Ni': '1.0', 'Mn': '2.0', 'O': '4.0'}]",232.56500000000003,Anode,867.0,2.194840252955733,61.7
CoMn2O4,"[{'Co': '1.0', 'Mn': '2.0', 'O': '4.0'}]",232.805,Anode,706.0,0.02,98.5
5 V LiNi0.5Mn1.5O4,"[{'V': '1.0', 'Li': '1.0', 'Ni': '0.5', 'Mn': '1.5', 'O': '4.0'}]",233.631,Cathode,125.0,5.0,82.96507552238806
Fe(VI),"[{'V': '1.0', 'I': '1.0', 'Fe': '1.0'}]",233.6865,Cathode,406.0,0.2,82.96507552238806
CoFe2O4,"[{'Co': '1.0', 'Fe': '2.0', 'O': '4.0'}]",234.619,Anode,1417.0,1.0,39.0
CuO / Cu2O / C,"[{'Cu': '1.0', 'O': '1.0'}, {'Cu': '2.0', 'O': '1.0'}, {'C': '1.0'}]",234.647,Anode,400.0,2.194840252955733,82.96507552238806
Fe / Fe3CâCNF,"[{'Fe': '1.0'}, {'Fe': '3.0', 'C': '1.0'}]",235.391,Cathode,1200.0,2.194840252955733,82.96507552238806
LiNiPO4 @ CoO,"[{'Li': '1.0', 'Ni': '1.0', 'P': '1.0', 'O': '4.0'}, {'Co': '1.0', 'O': '1.0'}]",235.535,Cathode,149.0,2.194840252955733,82.96507552238806
Ga2S3 / C-PSM,"[{'Ga': '2.0', 'S': '3.0'}]",235.626,Anode,523.0,2.194840252955733,82.96507552238806
LiTaO3âS,"[{'Li': '1.0', 'Ta': '1.0', 'O': '3.0'}]",235.887,Cathode,1091.0,2.194840252955733,97.4
FeSi6 / C,"[{'Fe': '1.0', 'Si': '6.0'}, {'C': '1.0'}]",236.366,Anode,1758.0,0.4,82.96507552238806
MnCo2O4,"[{'Mn': '1.0', 'Co': '2.0', 'O': '4.0'}]",236.8,Anode,1433.3,0.85,82.96507552238806
Na3FeF6 / CNTs,"[{'Na': '3.0', 'Fe': '1.0', 'F': '6.0'}]",238.803,Cathode,201.7,1.0,82.96507552238806
CuFe2O4,"[{'Cu': '1.0', 'Fe': '2.0', 'O': '4.0'}]",239.232,Anode,779.0,2.194840252955733,65.0
ZnMn2O4,"[{'Zn': '1.0', 'Mn': '2.0', 'O': '4.0'}]",239.252,Anode,622.7,2.194840252955733,97.0
LiFeAu0.02Mn1.98O4,"[{'Li': '1.0', 'Fe': '1.0', 'Au': '0.02', 'Mn': '1.98', 'O': '4.0'}]",239.49764,Cathode,158.7,2.194840252955733,82.96507552238806
GeP5 / C,"[{'Ge': '1.0', 'P': '5.0'}, {'C': '1.0'}]",239.511,Anode,800.0,0.7,100.0
Fe2O3 @ TiO2,"[{'Fe': '2.0', 'O': '3.0'}, {'Ti': '1.0', 'O': '2.0'}]",239.552,Anode,753.7,2.194840252955733,61.0
CoLa0.06Fe1.94O4,"[{'Co': '1.0', 'La': '0.06', 'Fe': '1.94', 'O': '4.0'}]",239.6029,Anode,1698.0,2.194840252955733,82.96507552238806
Ni3S2 / graphene,"[{'Ni': '3.0', 'S': '2.0'}]",240.199,Cathode,350.0,2.194840252955733,82.96507552238806
Ni2CoO4,"[{'Ni': '2.0', 'Co': '1.0', 'O': '4.0'}]",240.315,Anode,83.0,2.194840252955733,82.96507552238806
SnSbâAg nano-alloy,"[{'Sn': '1.0', 'Sb': '1.0'}]",240.47,Anode,518.0,2.0,82.96507552238806
NiCo2O4,"[{'Ni': '1.0', 'Co': '2.0', 'O': '4.0'}]",240.555,Cathode,500.0,4.5,91.0
Co3O4,"[{'Co': '3.0', 'O': '4.0'}]",240.795,Anode,168.1,0.99,61.6
Mn3O4 / C,"[{'Mn': '3.0', 'O': '4.0'}, {'C': '1.0'}]",240.82100000000003,Anode,1141.0,3.0,100.0
ZnFe2O4 @ C nano-whiskers,"[{'Zn': '1.0', 'Fe': '2.0', 'O': '4.0'}]",241.066,Anode,1722.0,3.0,98.4
Fe3O4 @ C,"[{'Fe': '3.0', 'O': '4.0'}, {'C': '1.0'}]",243.542,Anode,60.1,1.0,90.0
Li2FeP2O7,"[{'Li': '2.0', 'Fe': '1.0', 'P': '2.0', 'O': '7.0'}]",243.666,Cathode,220.0,3.5,82.96507552238806
WO3 / C,"[{'W': '1.0', 'O': '3.0'}, {'C': '1.0'}]",243.848,Anode,696.0,2.194840252955733,82.96507552238806
LiMnSnO4,"[{'Li': '1.0', 'Mn': '1.0', 'Sn': '1.0', 'O': '4.0'}]",244.584,Cathode,113.0,2.194840252955733,82.96507552238806
MnCo2O4.5,"[{'Mn': '1.0', 'Co': '2.0', 'O': '4.5'}]",244.7995,Anode,1301.0,2.194840252955733,72.0
CuCo2O4,"[{'Cu': '1.0', 'Co': '2.0', 'O': '4.0'}]",245.408,Anode,1244.0,2.194840252955733,82.0
V2O5 / Cu,"[{'V': '2.0', 'O': '5.0'}, {'Cu': '1.0'}]",245.424,Cathode,196.0,2.194840252955733,82.96507552238806
NiFe2O4 / C,"[{'Ni': '1.0', 'Fe': '2.0', 'O': '4.0'}, {'C': '1.0'}]",246.39,Anode,381.8,4.5,82.96507552238806
Fe2O3 / MnO2,"[{'Fe': '2.0', 'O': '3.0'}, {'Mn': '1.0', 'O': '2.0'}]",246.623,Anode,320.0,2.194840252955733,82.96507552238806
ZnCo2O4 @ CNTs,"[{'Zn': '1.0', 'Co': '2.0', 'O': '4.0'}]",247.242,Anode,693.0,0.21,82.96507552238806
TiO2 / Ti3C2,"[{'Ti': '1.0', 'O': '2.0'}, {'Ti': '3.0', 'C': '2.0'}]",247.488,Anode,280.0,2.194840252955733,82.96507552238806
RGO / WS2-S,"[{'W': '1.0', 'S': '2.0'}]",247.96,Cathode,823.0,2.194840252955733,100.0
Cu2Sb,"[{'Cu': '2.0', 'Sb': '1.0'}]",248.852,Anode,323.0,1.05,82.96507552238806
CuSbS2,"[{'Cu': '1.0', 'Sb': '1.0', 'S': '2.0'}]",249.426,Anode,1005.0,2.194840252955733,82.96507552238806
ReS2 / CNTs,"[{'Re': '1.0', 'S': '2.0'}]",250.33,Anode,659.0,2.194840252955733,82.96507552238806
SnSb / C,"[{'Sn': '1.0', 'Sb': '1.0'}, {'C': '1.0'}]",252.481,Anode,540.0,2.194840252955733,82.96507552238806
Co3O4âFe2O3 / C,"[{'Co': '3.0', 'O': '4.0'}, {'C': '1.0'}]",252.806,Anode,220.0,2.194840252955733,58.0
ZnFe2O4 @ C,"[{'Zn': '1.0', 'Fe': '2.0', 'O': '4.0'}, {'C': '1.0'}]",253.077,Anode,1700.0,2.194840252955733,82.96507552238806
MoSe2 / rGO,"[{'Mo': '1.0', 'Se': '2.0'}]",253.892,Anode,422.0,2.194840252955733,82.96507552238806
LiCoO2 / LiFePO4,"[{'Li': '1.0', 'Co': '1.0', 'O': '2.0'}, {'Li': '1.0', 'Fe': '1.0', 'P': '1.0', 'O': '4.0'}]",255.626,Cathode,274.0,2.194840252955733,82.96507552238806
Zn3P2,"[{'Zn': '3.0', 'P': '2.0'}]",258.088,Anode,1100.0,2.194840252955733,82.96507552238806
PTh,"[{'P': '1.0', 'Th': '1.0'}]",263.014,Cathode,50.0,2.194840252955733,82.96507552238806
Li2MnSnO4 / C,"[{'Li': '2.0', 'Mn': '1.0', 'Sn': '1.0', 'O': '4.0'}, {'C': '1.0'}]",263.535,Anode,920.0,3.5,82.96507552238806
NiCl2 / NiS2 @ C,"[{'Ni': '1.0', 'Cl': '2.0'}, {'Ni': '1.0', 'S': '2.0', 'C': '1.0'}]",264.41700000000003,Cathode,946.08,2.78,82.96507552238806
V3O7Â·H2O,"[{'V': '3.0', 'O': '7.0'}]",264.8175,Cathode,60.0,2.194840252955733,82.96507552238806
Nb2O5 / graphene,"[{'Nb': '2.0', 'O': '5.0'}]",265.807,Anode,263.6,3.0,82.96507552238806
MoSe2 / C,"[{'Mo': '1.0', 'Se': '2.0'}, {'C': '1.0'}]",265.903,Anode,322.0,2.194840252955733,82.96507552238806
TiO2 / MoS2 @ NC-800-7,"[{'Ti': '1.0', 'O': '2.0'}, {'Mo': '1.0', 'S': '2.0', 'N': '1.0', 'C': '1.0'}]",265.95300000000003,Anode,535.0,2.194840252955733,82.96507552238806
BiF3,"[{'Bi': '1.0', 'F': '3.0'}]",265.974,Cathode,385.0,2.194840252955733,82.96507552238806
Zn2GeO4,"[{'Zn': '2.0', 'Ge': '1.0', 'O': '4.0'}]",267.386,Anode,290.0,2.194840252955733,82.96507552238806
LiMn3O6,"[{'Li': '1.0', 'Mn': '3.0', 'O': '6.0'}]",267.74800000000005,Cathode,170.0,2.194840252955733,82.96507552238806
FeFe(CN)6,"[{'C': '6.0', 'N': '6.0', 'Fe': '2.0'}]",267.798,Cathode,117.0,3.47,93.2
Na2MnP2O7,"[{'Na': '2.0', 'Mn': '1.0', 'P': '2.0', 'O': '7.0'}]",274.85900000000004,Cathode,76.8,2.194840252955733,90.0
Na2FeP2O7,"[{'Na': '2.0', 'Fe': '1.0', 'P': '2.0', 'O': '7.0'}]",275.766,Cathode,91.0,3.0,82.96507552238806
SnSe2,"[{'Sn': '1.0', 'Se': '2.0'}]",276.652,Anode,435.0,2.194840252955733,82.96507552238806
Li1.05Al0.02Mn1.98S3.02O3.98,"[{'Li': '1.05', 'Al': '0.02', 'Mn': '1.98', 'S': '3.02', 'O': '3.98'}]",277.10110000000003,Cathode,126.0,2.194840252955733,82.96507552238806
In2O3,"[{'In': '2.0', 'O': '3.0'}]",277.637,Anode,2279.0,1.2,58.3
Li1.05Ga0.02Mn1.98S3.02O3.98,"[{'Li': '1.05', 'Ga': '0.02', 'Mn': '1.98', 'S': '3.02', 'O': '3.98'}]",277.95592,Cathode,115.0,2.194840252955733,82.96507552238806
Na3MnCO3PO4,"[{'Na': '3.0', 'Mn': '1.0', 'C': '1.0', 'O': '7.0', 'P': '1.0'}]",278.886,Cathode,117.2,2.194840252955733,82.96507552238806
NaTi3O6OHÂ·2H2O,"[{'Na': '1.0', 'Ti': '3.0', 'O': '7.0', 'H': '1.0'}]",279.592,Anode,200.0,2.194840252955733,82.96507552238806
ZnSnS3,"[{'Zn': '1.0', 'Sn': '1.0', 'S': '3.0'}]",280.27,Anode,190.3,2.194840252955733,82.96507552238806
H2V3O8,"[{'H': '2.0', 'V': '3.0', 'O': '8.0'}]",282.8325,Cathode,203.0,2.194840252955733,82.96507552238806
Zr(HPO4)2,"[{'H': '2.0', 'P': '2.0', 'O': '8.0', 'Zr': '1.0'}]",283.18,Anode,118.0,2.194840252955733,82.96507552238806
Li5MnV2O6,"[{'Li': '5.0', 'Mn': '1.0', 'V': '2.0', 'O': '6.0'}]",287.515,Anode,300.0,2.194840252955733,82.96507552238806
LiV3O8,"[{'Li': '1.0', 'V': '3.0', 'O': '8.0'}]",287.7565,Cathode,200.0,3.69,100.0
FeGe @ Fe2O3,"[{'Fe': '1.0', 'Ge': '1.0'}, {'Fe': '2.0', 'O': '3.0'}]",288.162,Anode,800.0,2.194840252955733,82.96507552238806
Sb2O3,"[{'Sb': '2.0', 'O': '3.0'}]",291.517,Anode,1239.5,2.5,97.97
Na2Fe(SO4)2,"[{'S': '2.0', 'O': '8.0', 'Na': '2.0', 'Fe': '1.0'}]",293.937,Cathode,82.0,3.6,82.96507552238806
Cu / Fe3O4,"[{'Cu': '1.0'}, {'Fe': '3.0', 'O': '4.0'}]",295.077,Anode,200.0,2.194840252955733,65.0
Fe3S4,"[{'Fe': '3.0', 'S': '4.0'}]",295.775,Anode,633.2,2.194840252955733,82.96507552238806
Li3VO4 / MoS2,"[{'Li': '3.0', 'V': '1.0', 'O': '4.0'}, {'Mo': '1.0', 'S': '2.0'}]",295.8275,Anode,781.2,2.194840252955733,82.96507552238806
Nb2O5 / S,"[{'Nb': '2.0', 'O': '5.0'}, {'S': '1.0'}]",297.867,Cathode,1289.0,2.194840252955733,82.96507552238806
SnFe3C,"[{'Sn': '1.0', 'Fe': '3.0', 'C': '1.0'}]",298.25600000000003,Anode,100.0,2.194840252955733,82.96507552238806
Fe3O4 / Fe / C,"[{'Fe': '3.0', 'O': '4.0'}, {'Fe': '1.0'}, {'C': '1.0'}]",299.387,Cathode,4000.0,2.3,82.96507552238806
SnSbCo,"[{'Sn': '1.0', 'Sb': '1.0', 'Co': '1.0'}]",299.403,Anode,66.0,2.194840252955733,82.96507552238806
Co / Co3O4,"[{'Co': '1.0'}, {'Co': '3.0', 'O': '4.0'}]",299.728,Anode,1000.0,2.194840252955733,82.96507552238806
Fe3O4 / Ni / C,"[{'Fe': '3.0', 'O': '4.0'}, {'Ni': '1.0'}, {'C': '1.0'}]",302.235,Anode,412.0,2.194840252955733,82.96507552238806
SeS7 / CNT,"[{'Se': '1.0', 'S': '7.0'}]",303.391,Cathode,883.0,2.194840252955733,82.96507552238806
Ti4O7 / MCO,"[{'Ti': '4.0', 'O': '7.0'}]",303.461,Cathode,2500.0,2.2,82.96507552238806
Co3O4âNi @ Cu,"[{'Co': '3.0', 'O': '4.0'}, {'Cu': '1.0'}]",304.341,Anode,610.0,2.194840252955733,71.0
Mn2SnO4 @ C,"[{'Mn': '2.0', 'Sn': '1.0', 'O': '4.0'}, {'C': '1.0'}]",304.593,Anode,889.0,2.194840252955733,82.96507552238806
NiCo2S4âNi,"[{'Ni': '1.0', 'Co': '2.0', 'S': '4.0'}]",304.799,Anode,1368.0,2.0,82.96507552238806
Co3S4,"[{'Co': '3.0', 'S': '4.0'}]",305.039,Cathode,287.9,0.68,82.96507552238806
BiVO3,"[{'Bi': '1.0', 'V': '1.0', 'O': '3.0'}]",307.9185,Cathode,250.0,2.194840252955733,82.96507552238806
TiO2 / Mn3O4 / Ti3C2Tx,"[{'Ti': '1.0', 'O': '2.0'}, {'Mn': '3.0', 'O': '4.0'}]",308.675,Anode,108.6,2.194840252955733,99.7
Na2MnFe(CN)6,"[{'C': '6.0', 'N': '6.0', 'Na': '2.0', 'Mn': '1.0', 'Fe': '1.0'}]",312.871,Cathode,120.0,2.0,82.96507552238806
PtCo2 / carbon,"[{'Pt': '1.0', 'Co': '2.0'}]",312.946,Cathode,2578.0,2.194840252955733,82.96507552238806
Zn2SnO4,"[{'Zn': '2.0', 'Sn': '1.0', 'O': '4.0'}]",313.46599999999995,Anode,448.0,2.194840252955733,96.0
BiCl3,"[{'Bi': '1.0', 'Cl': '3.0'}]",315.33,Cathode,142.9,2.194840252955733,82.96507552238806
Na2Ni[Fe(CN)6],"[{'C': '6.0', 'N': '6.0', 'Fe': '1.0', 'Na': '2.0', 'Ni': '1.0'}]",316.626,Cathode,54.0,1.27,82.96507552238806
CuFe2O4 / CuO / R-GO,"[{'Cu': '1.0', 'Fe': '2.0', 'O': '4.0'}, {'Cu': '1.0', 'O': '1.0'}]",318.77700000000004,Anode,720.0,2.194840252955733,82.96507552238806
TiO2 / Co3O4,"[{'Ti': '1.0', 'O': '2.0'}, {'Co': '3.0', 'O': '4.0'}]",320.66,Anode,295.0,3.0,82.96507552238806
(Cu0.30Co0.7)Co2O4 / CuO,"[{'Cu': '0.3', 'Co': '2.7', 'O': '4.0'}, {'Cu': '1.0', 'O': '1.0'}]",321.72390000000007,Anode,60.0,2.194840252955733,82.96507552238806
Na2Mn3O7,"[{'Na': '2.0', 'Mn': '3.0', 'O': '7.0'}]",322.78700000000003,Cathode,219.0,2.194840252955733,82.96507552238806
BiVO4,"[{'Bi': '1.0', 'V': '1.0', 'O': '4.0'}]",323.9175,Cathode,250.0,4.5,67.0
MoV2O8,"[{'Mo': '1.0', 'V': '2.0', 'O': '8.0'}]",325.825,Anode,137.0,2.194840252955733,82.96507552238806
NiCo2O4 @ MnO2,"[{'Ni': '1.0', 'Co': '2.0', 'O': '4.0'}, {'Mn': '1.0', 'O': '2.0'}]",327.491,Cathode,2372.0,1.19,100.0
(NH4)2V3O8 / C,"[{'N': '2.0', 'H': '8.0', 'V': '3.0', 'O': '8.0'}, {'C': '1.0'}]",328.9055,Cathode,135.0,2.194840252955733,82.96507552238806
Ge / Cu3Ge,"[{'Ge': '1.0'}, {'Cu': '3.0', 'Ge': '1.0'}]",335.898,Anode,1100.0,2.194840252955733,82.96507552238806
Ag / Fe3O4âMoS2,"[{'Ag': '1.0'}, {'Fe': '3.0', 'O': '4.0'}]",339.40099999999995,Anode,1395.0,2.194840252955733,82.96507552238806
Fe3O4 / Ag,"[{'Fe': '3.0', 'O': '4.0'}, {'Ag': '1.0'}]",339.401,Anode,640.0,2.194840252955733,82.96507552238806
NiV3O8,"[{'Ni': '1.0', 'V': '3.0', 'O': '8.0'}]",339.5095,Cathode,286.6,4.2,82.96507552238806
Sb2S3,"[{'Sb': '2.0', 'S': '3.0'}]",339.70000000000005,Anode,431.0,0.76,80.0
Germanium phosphide,"[{'Ge': '3.0', 'P': '4.0'}]",341.786,Anode,1033.0,2.194840252955733,88.0
Cu2SnS3,"[{'Cu': '2.0', 'Sn': '1.0', 'S': '3.0'}]",341.982,Anode,625.0,2.194840252955733,82.96507552238806
MoO2 / Mo2C / C,"[{'Mo': '1.0', 'O': '2.0'}, {'Mo': '2.0', 'C': '1.0'}, {'C': '1.0'}]",343.87000000000006,Anode,588.0,2.194840252955733,98.0
Li2NiTi3O8,"[{'Li': '2.0', 'Ni': '1.0', 'Ti': '3.0', 'O': '8.0'}]",344.166,Anode,212.0,2.194840252955733,82.96507552238806
TiNb2O7,"[{'Ti': '1.0', 'Nb': '2.0', 'O': '7.0'}]",345.672,Anode,167.0,2.194840252955733,82.96507552238806
Pd @ NiCo2O4,"[{'Pd': '1.0'}, {'Ni': '1.0', 'Co': '2.0', 'O': '4.0'}]",346.975,Cathode,1000.0,2.194840252955733,82.96507552238806
Na3Â·32Fe2Â·34(P2O7)2 sodium,"[{'P': '4.0', 'O': '14.0'}]",347.882,Cathode,100.0,2.194840252955733,82.96507552238806
Li2Zn0.6Cu0.4Ti3O8,"[{'Li': '2.0', 'Zn': '0.6', 'Cu': '0.4', 'Ti': '3.0', 'O': '8.0'}]",350.1194,Anode,161.5,2.194840252955733,82.96507552238806
Li2ZnTi3O8,"[{'Li': '2.0', 'Zn': '1.0', 'Ti': '3.0', 'O': '8.0'}]",350.853,Anode,214.0,1.61,82.96507552238806
MoTe2,"[{'Mo': '1.0', 'Te': '2.0'}]",351.15,Anode,320.0,2.194840252955733,99.0
Li2ZnFe0.05Ti2.95O8,"[{'Li': '2.0', 'Zn': '1.0', 'Fe': '0.05', 'Ti': '2.95', 'O': '8.0'}]",351.2519,Anode,164.3,2.194840252955733,82.96507552238806
Cu5SiâSi / C,"[{'Cu': '5.0', 'Si': '1.0'}, {'C': '1.0'}]",357.826,Anode,612.0,2.194840252955733,82.96507552238806
Fe2O3 / MgFe2O4,"[{'Fe': '2.0', 'O': '3.0'}, {'Mg': '1.0', 'Fe': '2.0', 'O': '4.0'}]",359.678,Anode,760.0,2.194840252955733,82.96507552238806
CdWO4,"[{'Cd': '1.0', 'W': '1.0', 'O': '4.0'}]",360.246,Anode,2304.1,2.194840252955733,82.96507552238806
P4Se3,"[{'P': '4.0', 'Se': '3.0'}]",360.809,Anode,486.0,2.194840252955733,82.96507552238806
ZnSe-NC @ CoSe2-NC,"[{'Zn': '1.0', 'Se': '1.0'}, {'Co': '1.0', 'Se': '2.0'}]",361.226,Anode,707.2,1.72,82.96507552238806
LiMn2O4 @ V2O5,"[{'Li': '1.0', 'Mn': '2.0', 'O': '4.0'}, {'V': '2.0', 'O': '5.0'}]",362.69,Cathode,108.4,2.194840252955733,82.96507552238806
Ag / Ag0.68V2O5,"[{'Ag': '1.0'}, {'Ag': '0.68', 'V': '2.0', 'O': '5.0'}]",363.0996,Cathode,360.0,2.194840252955733,82.96507552238806
CTAB-Si,"[{'C': '19.0', 'H': '42.0', 'N': '1.0', 'Br': '1.0'}]",364.456,Anode,1570.0,2.194840252955733,82.96507552238806
K2V3O8 / C,"[{'K': '2.0', 'V': '3.0', 'O': '8.0'}, {'C': '1.0'}]",371.0235,Cathode,75.0,2.194840252955733,82.96507552238806
NaV2(PO4)2F3,"[{'P': '2.0', 'O': '8.0', 'Na': '1.0', 'V': '2.0', 'F': '3.0'}]",371.807,Cathode,97.0,3.65,82.96507552238806
Na3V2(PO4)2 @ C,"[{'P': '2.0', 'O': '8.0', 'Na': '3.0', 'V': '2.0'}, {'C': '1.0'}]",372.804,Cathode,90.0,2.2,82.96507552238806
RuO2 @ NiCo2O4,"[{'Ru': '1.0', 'O': '2.0'}, {'Ni': '1.0', 'Co': '2.0', 'O': '4.0'}]",373.62299999999993,Cathode,1420.0,0.614,82.96507552238806
Na4NiTeO6,"[{'Na': '4.0', 'Ni': '1.0', 'Te': '1.0', 'O': '6.0'}]",374.247,Cathode,34.7,4.5,82.96507552238806
Sn2BPO6,"[{'Sn': '2.0', 'B': '1.0', 'P': '1.0', 'O': '6.0'}]",375.198,Anode,517.0,2.194840252955733,82.96507552238806
CTAB-LVP / C,"[{'C': '19.0', 'H': '42.0', 'N': '1.0', 'Br': '1.0'}, {'C': '1.0'}]",376.467,Cathode,122.8,2.194840252955733,82.96507552238806
NH4V4O10,"[{'N': '1.0', 'H': '4.0', 'V': '4.0', 'O': '10.0'}]",381.795,Cathode,162.0,2.194840252955733,82.96507552238806
MoSe2 / MoO2,"[{'Mo': '1.0', 'Se': '2.0'}, {'Mo': '1.0', 'O': '2.0'}]",381.84,Cathode,1154.0,2.194840252955733,82.96507552238806
LiTi2(PO4)3,"[{'P': '3.0', 'O': '12.0', 'Li': '1.0', 'Ti': '2.0'}]",387.584,Anode,84.0,0.65,82.96507552238806
Graphene oxide / SnO2 / Co3O4,"[{'Sn': '1.0', 'O': '2.0'}, {'Co': '3.0', 'O': '4.0'}]",391.503,Anode,310.3,2.194840252955733,82.96507552238806
Fe3O4 @ MoS2-GP,"[{'Fe': '3.0', 'O': '4.0'}, {'Mo': '1.0', 'S': '2.0'}]",391.601,Anode,468.0,2.194840252955733,82.96507552238806
LiTi2(PO4)3 / C,"[{'P': '3.0', 'O': '12.0', 'Li': '1.0', 'Ti': '2.0'}, {'C': '1.0'}]",399.595,Anode,92.8,2.194840252955733,82.96507552238806
MoS2 / Co3O4,"[{'Mo': '1.0', 'S': '2.0'}, {'Co': '3.0', 'O': '4.0'}]",400.865,Anode,1350.5,3.0,82.96507552238806
NaTi2(PO4)3,"[{'P': '3.0', 'O': '12.0', 'Na': '1.0', 'Ti': '2.0'}]",403.634,Anode,126.5,1.5,82.96507552238806
PtAu / C,"[{'Pt': '1.0', 'Au': '1.0'}, {'C': '1.0'}]",404.061,Cathode,500.0,2.194840252955733,82.96507552238806
Nickel titanate,"[{'Ti': '3.0', 'O': '9.0', 'Ni': '2.0'}]",404.978,Anode,435.0,2.194840252955733,82.96507552238806
Ni3V2O8 @ CMK-3,"[{'Ni': '3.0', 'V': '2.0', 'O': '8.0'}]",405.954,Anode,100.3,2.194840252955733,82.96507552238806
Co3V2O8,"[{'Co': '3.0', 'V': '2.0', 'O': '8.0'}]",406.674,Anode,1110.0,2.194840252955733,68.8
Li3V2(PO4)3,"[{'P': '3.0', 'O': '12.0', 'Li': '3.0', 'V': '2.0'}]",407.613,Cathode,108.9,3.0,82.96507552238806
Sn2P2O7,"[{'Sn': '2.0', 'P': '2.0', 'O': '7.0'}]",411.361,Anode,780.0,2.194840252955733,82.96507552238806
Na3V2O2(PO4)2F,"[{'P': '2.0', 'O': '10.0', 'Na': '3.0', 'V': '2.0', 'F': '1.0'}]",411.789,Cathode,108.0,2.194840252955733,82.96507552238806
Ni3Sn2 / CNT,"[{'Ni': '3.0', 'Sn': '2.0'}]",413.499,Anode,1101.0,2.194840252955733,82.96507552238806
Na3V2(PO4)2F3,"[{'P': '2.0', 'O': '8.0', 'Na': '3.0', 'V': '2.0', 'F': '3.0'}]",417.7869999999999,Cathode,110.0,1.62,98.5
Li3V2(PO4)3 / C,"[{'P': '3.0', 'O': '12.0', 'Li': '3.0', 'V': '2.0'}, {'C': '1.0'}]",419.624,Cathode,113.0,3.0,82.96507552238806
Sn3O4,"[{'Sn': '3.0', 'O': '4.0'}]",420.126,Anode,791.7,2.194840252955733,97.0
Li2.90Na0.10V2(PO4)3 / C,"[{'P': '3.0', 'O': '12.0', 'Li': '2.9', 'Na': '0.1', 'V': '2.0'}, {'C': '1.0'}]",421.2289999999999,Cathode,124.0,2.194840252955733,82.96507552238806
Fe3C / Fe3O4 @ C,"[{'Fe': '3.0', 'C': '1.0'}, {'Fe': '3.0', 'O': '4.0', 'C': '1.0'}]",423.088,Anode,850.0,2.194840252955733,82.96507552238806
Li2NaV2(PO4)3,"[{'P': '3.0', 'O': '12.0', 'Li': '2.0', 'Na': '1.0', 'V': '2.0'}]",423.663,Cathode,96.0,1.0,82.96507552238806
CoSb3,"[{'Co': '1.0', 'Sb': '3.0'}]",424.213,Anode,778.0,0.1,82.96507552238806
BiSbS3,"[{'Bi': '1.0', 'Sb': '1.0', 'S': '3.0'}]",426.92,Anode,712.5,2.194840252955733,82.96507552238806
Li3Fe2(PO4)3 / C,"[{'P': '3.0', 'O': '12.0', 'Li': '3.0', 'Fe': '2.0'}, {'C': '1.0'}]",429.431,Cathode,90.7,0.1,82.96507552238806
Na3V2(PO4)2F3 / C,"[{'P': '2.0', 'O': '8.0', 'Na': '3.0', 'V': '2.0', 'F': '3.0'}, {'C': '1.0'}]",429.798,Cathode,100.0,2.194840252955733,82.96507552238806
(MoO2)2P2O7,"[{'Mo': '2.0', 'O': '11.0', 'P': '2.0'}]",429.837,Cathode,250.0,3.7,82.96507552238806
Sb2MoO6,"[{'Sb': '2.0', 'Mo': '1.0', 'O': '6.0'}]",435.46400000000006,Anode,571.9,3.4,82.96507552238806
Li1Ti5O12,"[{'Li': '1.0', 'Ti': '5.0', 'O': '12.0'}]",438.263,Anode,177.0,2.194840252955733,82.96507552238806
ZnS / Sn2S3 @ C,"[{'Zn': '1.0', 'S': '1.0'}, {'Sn': '2.0', 'S': '3.0', 'C': '1.0'}]",443.051,Anode,445.0,2.194840252955733,82.96507552238806
Na2Fe2(SO4)3,"[{'S': '3.0', 'O': '12.0', 'Na': '2.0', 'Fe': '2.0'}]",445.838,Cathode,100.0,3.8,82.96507552238806
Sn(MoO4)2 / C,"[{'Mo': '2.0', 'O': '8.0', 'Sn': '1.0'}, {'C': '1.0'}]",450.613,Anode,300.0,3.0,60.4
Li4C24H8O8,"[{'Li': '4.0', 'C': '24.0', 'H': '8.0', 'O': '8.0'}]",452.08,Anode,200.0,1.1,82.96507552238806
Mn3O4 @ Ti3+ / TiO2,"[{'Mn': '3.0', 'O': '4.0', 'Ti': '3.0'}, {'Ti': '1.0', 'O': '2.0'}]",452.27600000000007,Anode,1453.8,2.194840252955733,100.0
PbO / Pb / C(B),"[{'Pb': '1.0', 'O': '1.0'}, {'Pb': '1.0'}, {'B': '1.0', 'C': '1.0'}]",453.22,Anode,238.0,2.194840252955733,82.96507552238806
Na3V2(PO4)3,"[{'P': '3.0', 'O': '12.0', 'Na': '3.0', 'V': '2.0'}]",455.763,Cathode,122.0,3.4,92.0
Li4Ti5O12,"[{'Li': '4.0', 'Ti': '5.0', 'O': '12.0'}]",459.083,Anode,215.1,3.0,99.0
UIO-67 @ Se @ PANI,"[{'U': '1.0', 'I': '1.0', 'O': '1.0'}, {'Se': '1.0'}]",459.9,Cathode,248.3,2.194840252955733,82.96507552238806
Mn3O4 / Fe3O4,"[{'Mn': '3.0', 'O': '4.0'}, {'Fe': '3.0', 'O': '4.0'}]",460.341,Anode,630.0,0.73,82.96507552238806
Na3FeV(PO4)3,"[{'P': '3.0', 'O': '12.0', 'Na': '3.0', 'Fe': '1.0', 'V': '1.0'}]",460.6665,Cathode,100.0,2.194840252955733,82.96507552238806
Sb2S3 / Sb,"[{'Sb': '2.0', 'S': '3.0'}, {'Sb': '1.0'}]",461.46,Anode,250.0,2.194840252955733,82.96507552238806
Na3Fe2(PO4)3,"[{'P': '3.0', 'O': '12.0', 'Na': '3.0', 'Fe': '2.0'}]",465.57,Anode,47.1,2.194840252955733,82.96507552238806
Bi2O3,"[{'Bi': '2.0', 'O': '3.0'}]",465.957,Anode,410.0,2.194840252955733,82.96507552238806
K3V2(PO4)2F3,"[{'P': '2.0', 'O': '8.0', 'K': '3.0', 'V': '2.0', 'F': '3.0'}]",466.111,Cathode,103.0,3.75,82.96507552238806
Li4Ti4.9Sn0.1O12,"[{'Li': '4.0', 'Ti': '4.9', 'Sn': '0.1', 'O': '12.0'}]",466.1673,Anode,265.0,2.194840252955733,82.96507552238806
Zn3(HCOO)6,"[{'H': '6.0', 'C': '6.0', 'O': '12.0', 'Zn': '3.0'}]",466.242,Anode,560.0,3.0,82.96507552238806
Li3.94La0.06Ti5O12,"[{'Li': '3.94', 'La': '0.06', 'Ti': '5.0', 'O': '12.0'}]",467.0012,Anode,150.4,1.55,82.96507552238806
Na3V2(PO4)3 / C,"[{'P': '3.0', 'O': '12.0', 'Na': '3.0', 'V': '2.0'}, {'C': '1.0'}]",467.774,Cathode,20.0,2.65,98.8
CNT @ Li4Ti5O12 @ C,"[{'Li': '4.0', 'Ti': '5.0', 'O': '12.0'}, {'C': '1.0'}]",471.094,Anode,169.9,1.0,99.0
Li4Ti4.95V0.05O12 / C,"[{'Li': '4.0', 'Ti': '4.95', 'V': '0.05', 'O': '12.0'}, {'C': '1.0'}]",471.247725,Anode,141.0,2.194840252955733,82.96507552238806
Li4Ti4.9V0.1O12 / C,"[{'Li': '4.0', 'Ti': '4.9', 'V': '0.1', 'O': '12.0'}, {'C': '1.0'}]",471.40145000000007,Anode,166.0,2.194840252955733,82.96507552238806
Sb2Se3,"[{'Sb': '2.0', 'Se': '3.0'}]",480.433,Anode,669.6,0.05,82.96507552238806
Na4MnV(PO4)3,"[{'P': '3.0', 'O': '12.0', 'Na': '4.0', 'Mn': '1.0', 'V': '1.0'}]",482.7495,Cathode,101.0,3.3,82.96507552238806
Mg3Bi2,"[{'Mg': '3.0', 'Bi': '2.0'}]",490.875,Anode,360.0,2.194840252955733,82.96507552238806
Sn2P2S6,"[{'Sn': '2.0', 'P': '2.0', 'S': '6.0'}]",491.728,Anode,473.0,2.194840252955733,82.96507552238806
Sb2Se3 / C,"[{'Sb': '2.0', 'Se': '3.0'}, {'C': '1.0'}]",492.444,Anode,650.0,2.194840252955733,82.96507552238806
Li2MgSn4,"[{'Li': '2.0', 'Mg': '1.0', 'Sn': '4.0'}]",513.025,Anode,575.0,2.194840252955733,92.8
V6O13Â·nH2O,"[{'V': '6.0', 'O': '13.0'}]",513.636,Cathode,395.0,2.194840252955733,82.96507552238806
Bi2S3,"[{'Bi': '2.0', 'S': '3.0'}]",514.14,Anode,322.0,2.194840252955733,82.96507552238806
Li3Ti4CoCrO12,"[{'Li': '3.0', 'Ti': '4.0', 'Co': '1.0', 'Cr': '1.0', 'O': '12.0'}]",515.2049999999999,Anode,136.1,2.5,82.96507552238806
Na4C24H8O8,"[{'Na': '4.0', 'C': '24.0', 'H': '8.0', 'O': '8.0'}]",516.28,Anode,100.0,0.4,82.96507552238806
Bi2S3 / C,"[{'Bi': '2.0', 'S': '3.0'}, {'C': '1.0'}]",526.151,Anode,804.0,1.63,82.96507552238806
Cu2.33V4O11,"[{'Cu': '2.33', 'V': '4.0', 'O': '11.0'}]",527.81718,Cathode,150.0,2.194840252955733,82.96507552238806
Ni5Sb2,"[{'Ni': '5.0', 'Sb': '2.0'}]",536.985,Anode,299.46,2.194840252955733,82.96507552238806
Na2Ti6O13,"[{'Na': '2.0', 'Ti': '6.0', 'O': '13.0'}]",541.169,Anode,49.5,0.3,82.96507552238806
TiO2-SiO2 / Bi2O3,"[{'Ti': '1.0', 'O': '2.0'}, {'Bi': '2.0', 'O': '3.0'}]",545.822,Anode,250.0,2.194840252955733,82.96507552238806
Li3V(MoO4)3,"[{'Mo': '3.0', 'O': '12.0', 'Li': '3.0', 'V': '1.0'}]",551.5995,Cathode,100.0,3.7,82.96507552238806
Sn3.95Fe0.05P3,"[{'Sn': '3.95', 'Fe': '0.05', 'P': '3.0'}]",564.61875,Anode,420.0,2.194840252955733,82.96507552238806
Mg1.8Mn6O12Â·4.8H2O,"[{'Mg': '1.8', 'Mn': '6.0', 'O': '12.0'}]",565.365,Cathode,108.0,2.194840252955733,82.96507552238806
Sn4P3-GA,"[{'Sn': '4.0', 'P': '3.0'}]",567.762,Anode,162.0,0.3,81.2
NaV6O15,"[{'Na': '1.0', 'V': '6.0', 'O': '15.0'}]",568.624,Anode,110.0,2.194840252955733,82.96507552238806
Li2Na2Ti5.9Al0.1O14,"[{'Li': '2.0', 'Na': '2.0', 'Ti': '5.9', 'Al': '0.1', 'O': '14.0'}]",568.9595,Anode,229.0,2.194840252955733,82.96507552238806
Li1.95Al0.05Na2Ti6O14,"[{'Li': '1.95', 'Al': '0.05', 'Na': '2.0', 'Ti': '6.0', 'O': '14.0'}]",572.0501,Anode,19.2,2.194840252955733,82.96507552238806
K2Ti6O13,"[{'K': '2.0', 'Ti': '6.0', 'O': '13.0'}]",573.385,Anode,99.0,3.0,82.96507552238806
Cu5V2O10,"[{'Cu': '5.0', 'V': '2.0', 'O': '10.0'}]",579.6030000000001,Cathode,450.0,2.194840252955733,82.96507552238806
Sn4P3 / C,"[{'Sn': '4.0', 'P': '3.0'}, {'C': '1.0'}]",579.7729999999999,Anode,850.0,1.0,82.96507552238806
Na3V3(PO4)4,"[{'P': '4.0', 'O': '16.0', 'Na': '3.0', 'V': '3.0'}]",601.6745000000001,Cathode,34.0,3.9,82.96507552238806
Bi2MoO6 / rGO-20,"[{'Bi': '2.0', 'Mo': '1.0', 'O': '6.0'}]",609.904,Anode,274.7,3.0,98.47
Li2SrTi6O14,"[{'Li': '2.0', 'Sr': '1.0', 'Ti': '6.0', 'O': '14.0'}]",612.688,Anode,120.0,2.7,82.96507552238806
Li4Ti5O12 / Fe2O3,"[{'Li': '4.0', 'Ti': '5.0', 'O': '12.0'}, {'Fe': '2.0', 'O': '3.0'}]",618.7699999999999,Anode,172.0,2.194840252955733,82.96507552238806
Na2Ti7O15,"[{'Na': '2.0', 'Ti': '7.0', 'O': '15.0'}]",621.034,Anode,64.6,2.194840252955733,82.96507552238806
Na4Fe3(PO4)2(P2O7),"[{'P': '4.0', 'O': '15.0', 'Na': '4.0', 'Fe': '3.0'}]",623.376,Cathode,90.0,4.2,99.6
(LNMO)95 @ (YBCO)5,"[{'Y': '5.0', 'B': '5.0', 'C': '5.0', 'O': '5.0'}]",638.63,Cathode,148.0,4.9,82.96507552238806
FeSn5,"[{'Fe': '1.0', 'Sn': '5.0'}]",649.395,Anode,750.0,2.194840252955733,82.96507552238806
Ni3Sn4,"[{'Ni': '3.0', 'Sn': '4.0'}]",650.919,Anode,500.0,2.194840252955733,82.96507552238806
Bi2Se3,"[{'Bi': '2.0', 'Se': '3.0'}]",654.873,Anode,1027.5,2.194840252955733,82.96507552238806
Fe7S8 @ C ( 1â6 ),"[{'Fe': '7.0', 'S': '8.0'}, {'C': '1.0'}]",659.406,Anode,512.0,2.194840252955733,82.96507552238806
VS4 @ Li7P3S11,"[{'V': '1.0', 'S': '4.0'}, {'Li': '7.0', 'P': '3.0', 'S': '11.0'}]",673.3435,Cathode,543.0,2.194840252955733,82.96507552238806
Sn / Sn4P3 @ C,"[{'Sn': '1.0'}, {'Sn': '4.0', 'P': '3.0', 'C': '1.0'}]",698.483,Anode,589.0,2.194840252955733,82.96507552238806
Co9S8,"[{'Co': '9.0', 'S': '8.0'}]",786.8770000000001,Cathode,123.04,0.83,0.041
K2V8O21,"[{'K': '2.0', 'V': '8.0', 'O': '21.0'}]",821.7069999999999,Cathode,247.0,2.194840252955733,82.96507552238806
Mo6S8,"[{'Mo': '6.0', 'S': '8.0'}]",832.1800000000001,Cathode,100.0,1.1,82.96507552238806
Fe9S10 @ C,"[{'Fe': '9.0', 'S': '10.0'}, {'C': '1.0'}]",835.216,Anode,323.0,2.194840252955733,82.96507552238806
Manganese orthosilicate,"[{'Si': '7.0', 'O': '28.0', 'Mn': '4.0'}]",864.319,Cathode,330.0,2.194840252955733,82.96507552238806
PbCl2 / Sb4O5Cl,"[{'Pb': '1.0', 'Cl': '2.0'}, {'Sb': '4.0', 'O': '5.0', 'Cl': '1.0'}]",880.5850000000002,Anode,1036.7,2.194840252955733,82.96507552238806
Ca2Ge7O16 NS / CNT,"[{'Ca': '2.0', 'Ge': '7.0', 'O': '16.0', 'N': '1.0', 'S': '1.0'}]",890.617,Anode,724.2,2.194840252955733,82.96507552238806
V10O24Â·12H2O,"[{'V': '10.0', 'O': '24.0'}]",893.391,Cathode,164.5,1.7,82.96507552238806
ZnS / Fe9S10 @ C,"[{'Zn': '1.0', 'S': '1.0'}, {'Fe': '9.0', 'S': '10.0', 'C': '1.0'}]",932.656,Anode,566.0,2.194840252955733,82.96507552238806
Sb6O13 / rGO,"[{'Sb': '6.0', 'O': '13.0'}]",938.547,Anode,1109.0,2.194840252955733,82.96507552238806
Co9S8 @ MoS2 / rGO,"[{'Co': '9.0', 'S': '10.0', 'Mo': '1.0'}]",946.947,Anode,1859.3,2.194840252955733,82.96507552238806
Cu6Sn5,"[{'Cu': '6.0', 'Sn': '5.0'}]",974.826,Anode,400.0,0.4,82.96507552238806
Fe9S10 @ MoS2 @ C,"[{'Fe': '9.0', 'S': '10.0'}, {'Mo': '1.0', 'S': '2.0'}, {'C': '1.0'}]",995.286,Anode,197.0,2.194840252955733,82.96507552238806
SrFe12O19,"[{'Sr': '1.0', 'Fe': '12.0', 'O': '19.0'}]",1061.741,Anode,1382.7,2.194840252955733,82.96507552238806
Fe3S4 / Co9S8,"[{'Fe': '3.0', 'S': '4.0'}, {'Co': '9.0', 'S': '8.0'}]",1082.652,Anode,945.0,2.194840252955733,82.96507552238806
BaFe12O19,"[{'Ba': '1.0', 'Fe': '12.0', 'O': '19.0'}]",1111.451,Anode,441.5,2.194840252955733,90.0
Cu6Sn5 @ SnO2âC,"[{'Cu': '6.0', 'Sn': '5.0'}, {'Sn': '1.0', 'O': '2.0'}]",1125.534,Anode,644.0,2.194840252955733,82.96507552238806
Ni11(HPO3)8(OH)6 / rGO,"[{'H': '14.0', 'P': '8.0', 'O': '30.0', 'Ni': '11.0'}]",1387.4969999999998,Cathode,49.2,0.54,82.96507552238806
Ti2Nb10O29,"[{'Ti': '2.0', 'Nb': '10.0', 'O': '29.0'}]",1488.765,Anode,144.0,0.8,97.0
Si20C80,"[{'Si': '20.0', 'C': '80.0'}]",1522.58,Anode,296.1,2.194840252955733,82.96507552238806
Bi5Nb3O15 @ C,"[{'Bi': '5.0', 'Nb': '3.0', 'O': '15.0'}, {'C': '1.0'}]",1575.614,Anode,613.48,2.194840252955733,82.96507552238806
Na7H2[PV14O42],"[{'P': '1.0', 'V': '14.0', 'O': '42.0', 'Na': '7.0', 'H': '2.0'}]",1579.059,Anode,687.0,1.0,82.96507552238806
Si20Co10C70,"[{'Si': '20.0', 'Co': '10.0', 'C': '70.0'}]",1991.8,Anode,610.0,3.0,83.3
Al74Si25Cu1,"[{'Al': '74.0', 'Si': '25.0', 'Cu': '1.0'}]",2762.3389999999995,Anode,1539.0,2.194840252955733,82.96507552238806
Al71Si25Cu4,"[{'Al': '71.0', 'Si': '25.0', 'Cu': '4.0'}]",2872.031,Anode,508.0,2.194840252955733,82.96507552238806
Si20Co30C50,"[{'Si': '20.0', 'Co': '30.0', 'C': '50.0'}]",2930.24,Anode,581.0,2.194840252955733,82.96507552238806
K3PW12O40,"[{'K': '3.0', 'P': '1.0', 'W': '12.0', 'O': '40.0'}]",2994.308,Anode,7.8,0.1,82.96507552238806
Si85Sn15,"[{'Si': '85.0', 'Sn': '15.0'}]",4167.875,Anode,1310.2,2.194840252955733,82.96507552238806
ZnO(84.7) / CeO2(15.3),"[{'Zn': '1.0', 'O': '84.7'}, {'Ce': '1.0', 'O': '215.3'}]",5005.200000000001,Anode,543.08,2.194840252955733,82.96507552238806
SiO / Sn30Fe30C40,"[{'Si': '1.0', 'O': '1.0'}, {'Sn': '30.0', 'Fe': '30.0', 'C': '40.0'}]",5761.173999999999,Anode,700.0,2.194840252955733,82.96507552238806
Sb48Fe36P16,"[{'Sb': '48.0', 'Fe': '36.0', 'P': '16.0'}]",8350.484,Anode,530.0,0.5,82.96507552238806
Ni50Sn50,"[{'Ni': '50.0', 'Sn': '50.0'}]",8870.15,Anode,530.0,2.194840252955733,82.96507552238806
Sn54Sb41Co5,"[{'Sn': '54.0', 'Sb': '41.0', 'Co': '5.0'}]",11697.165,Anode,275.0,2.194840252955733,82.96507552238806
Ag65Au35 / MnO2,"[{'Ag': '65.0', 'Au': '35.0'}, {'Mn': '1.0', 'O': '2.0'}]",13992.436,Anode,1090.0,2.194840252955733,82.96507552238806
Li2Mn409,"[{'Li': '2.0', 'Mn': '409.0'}]",22483.522,Cathode,150.0,2.194840252955733,82.96507552238806
BP2000,"[{'B': '1.0', 'P': '2000.0'}]",61958.81,Cathode,2600.0,3.0,82.96507552238806
