Compound_name,Extracted_name,Molecular_weight,Type,Capacity_per_gram_in_mAh,Voltage_in_V,Efficiency_in_percent,Energy_in_Watt_hour_per_kg
Cu0.02Mg0.02,"[{'Cu': '0.02', 'Mg': '0.02'}]",1.75702,Cathode,72.0,4.2,90.0,302.40000000000003
LVP / HC-2,"[{'H': '1.0', 'C': '1.0'}]",13.018999999999998,Cathode,98.0,4.3,90.0,421.4
"C @ N-C @ N,P-C","[{'C': '1.0'}, {'C': '1.0'}]",24.022,Cathode,98.0,1.33,90.0,130.34
CN-380,"[{'C': '1.0', 'N': '1.0'}]",26.018,Anode,68.9,4.2,19.9,289.38000000000005
MgH2,"[{'Mg': '1.0', 'H': '2.0'}]",26.321,Anode,630.0,0.042,90.0,26.46
HN-LVP @ C,"[{'H': '1.0', 'N': '1.0'}, {'C': '1.0'}]",27.026,Cathode,129.4,4.3,90.0,556.42
Li2O,"[{'Li': '2.0', 'O': '1.0'}]",29.879,Cathode,270.0,4.8,90.0,1296.0
CCOâCNTs,"[{'C': '2.0', 'O': '1.0'}]",40.021,Anode,85.0,4.4,90.0,374.00000000000006
Si @ C,"[{'Si': '1.0'}, {'C': '1.0'}]",40.096,Anode,404.0,0.1,98.6,227.0
BP-C,"[{'B': '1.0', 'P': '1.0'}]",41.784,Cathode,920.0,2.3,98.7,2116.0
NCO,"[{'N': '1.0', 'C': '1.0', 'O': '1.0'}]",42.017,Anode,261.0,3.0,90.0,783.0
S @ C,"[{'S': '1.0'}, {'C': '1.0'}]",44.071,Cathode,510.1,2.04,100.0,1040.604
SiOâC,"[{'Si': '1.0', 'O': '1.0'}]",44.084,Anode,1103.0,3.0,60.4,3309.0
CNF,"[{'C': '1.0', 'N': '1.0', 'F': '1.0'}]",45.016000000000005,Anode,60.5,0.22,69.1,13.31
Li2S,"[{'Li': '2.0', 'S': '1.0'}]",45.940000000000005,Cathode,758.0,4.0,60.0,3032.0
NS-CO,"[{'N': '1.0', 'S': '1.0'}]",46.067,Anode,596.0,4.2,90.0,2503.2000000000003
3Mn1 / 3O2,"[{'Mn': '0.3333', 'O': '2.0'}]",50.3088354,Cathode,21.0,4.8,90.0,100.8
SiCN,"[{'Si': '1.0', 'C': '1.0', 'N': '1.0'}]",54.103,Anode,700.0,0.9,90.0,630.0
SiOC,"[{'Si': '1.0', 'O': '1.0', 'C': '1.0'}]",56.095,Anode,1280.0,0.6,58.0,873.0
SiCO,"[{'Si': '1.0', 'C': '1.0', 'O': '1.0'}]",56.095000000000006,Anode,800.0,1.0,100.0,800.0
Li2S @ C,"[{'Li': '2.0', 'S': '1.0'}, {'C': '1.0'}]",57.95100000000001,Cathode,591.0,2.6,90.0,1536.6000000000001
TiN @ CNT-S,"[{'Ti': '1.0', 'N': '1.0'}]",61.874,Cathode,611.0,0.49,96.0,299.39
Li2S / CNT / C-N / O,"[{'Li': '2.0', 'S': '1.0'}, {'O': '1.0'}]",61.93900000000001,Cathode,577.0,0.08,90.0,46.160000000000004
SiBCN / GN-ld,"[{'Si': '1.0', 'B': '1.0', 'C': '1.0', 'N': '1.0'}]",64.91300000000001,Anode,347.0,0.9,90.0,312.3
NFS,"[{'N': '1.0', 'F': '1.0', 'S': '1.0'}]",65.065,Cathode,87.5,4.5,90.0,393.75
Polypyrrole,"[{'C': '4.0', 'H': '3.0', 'N': '1.0'}]",65.075,Cathode,1000.0,0.78,90.0,780.0
Zn0.9Ni0.025In0.075,"[{'Zn': '0.9', 'Ni': '0.025', 'In': '0.075'}]",68.92082500000001,Anode,1155.0,0.8,98.0,924.0
3Co1 / 3Mn1 / 3O2,"[{'Co': '0.3333', 'Mn': '0.3333', 'O': '2.0'}]",69.9512043,Cathode,107.2,4.6,90.0,493.11999999999995
Li @ Cu,"[{'Li': '1.0'}, {'Cu': '1.0'}]",70.486,Anode,300.0,0.03,93.3,9.0
MnO,"[{'Mn': '1.0', 'O': '1.0'}]",70.937,Anode,1321.0,1.0,72.0,1321.0
NiO,"[{'Ni': '1.0', 'O': '1.0'}]",74.692,Anode,1219.0,3.8,100.0,10.0
CoO,"[{'Co': '1.0', 'O': '1.0'}]",74.932,Anode,715.0,0.62,73.8,443.3
PNP @ CNTs,"[{'P': '2.0', 'N': '1.0'}]",75.955,Anode,125.0,3.0,100.0,375.0
Mg2Si,"[{'Mg': '2.0', 'Si': '1.0'}]",76.695,Anode,891.0,3.0,62.0,2673.0
LiC6,"[{'Li': '1.0', 'C': '6.0'}]",79.006,Anode,200.0,1.5,75.0,300.0
CuO-CF,"[{'Cu': '1.0', 'O': '1.0'}]",79.545,Anode,152.2,1.4,99.0,800.0
TiO2,"[{'Ti': '1.0', 'O': '2.0'}]",79.865,Anode,119.0,0.38,97.0,440.0
ZnO,"[{'Zn': '1.0', 'O': '1.0'}]",81.37899999999999,Anode,1504.0,1.637,70.0,2462.0480000000002
VO2,"[{'V': '1.0', 'O': '2.0'}]",82.9395,Anode,235.0,0.3,35.0,70.5
MnO / C,"[{'Mn': '1.0', 'O': '1.0'}, {'C': '1.0'}]",82.948,Anode,776.0,0.5,69.2,397.0
Li1.231Mn0.615Ni0.154O2,"[{'Li': '1.231', 'Mn': '0.615', 'Ni': '0.154', 'O': '2.0'}]",83.366732,Cathode,180.0,4.8,90.0,906.0
AlF3,"[{'Al': '1.0', 'F': '3.0'}]",83.976,Cathode,1119.0,2.29,98.1,2562.51
Li1.2Ni0.2Mn0.6O2,"[{'Li': '1.2', 'Ni': '0.2', 'Mn': '0.6', 'O': '2.0'}]",85.0274,Cathode,161.7,4.5,65.9,727.65
Li1.2Mn0.56Ni0.16Co0.08O2,"[{'Li': '1.2', 'Mn': '0.56', 'Ni': '0.16', 'Co': '0.08', 'O': '2.0'}]",85.19680000000001,Cathode,175.1,4.8,91.7,840.4799999999999
Li1.2Ni0.15Mn0.55Co0.1O2,"[{'Li': '1.2', 'Ni': '0.15', 'Mn': '0.55', 'Co': '0.1', 'O': '2.0'}]",85.23915000000001,Cathode,232.0,4.8,85.0,1113.6
Li1.2Mn0.54Ni0.13Co0.13O2,"[{'Li': '1.2', 'Mn': '0.54', 'Ni': '0.13', 'Co': '0.13', 'O': '2.0'}]",85.2839,Cathode,11.0,1.75,86.1,19.25
Li1.2Mn0.4Co0.4O2,"[{'Li': '1.2', 'Mn': '0.4', 'Co': '0.4', 'O': '2.0'}]",85.87440000000001,Cathode,195.0,4.6,90.0,896.9999999999999
MnP,"[{'Mn': '1.0', 'P': '1.0'}]",85.912,Anode,870.0,2.0,78.8,1740.0
3Mn0.8Fe0.1Ti0.1O2,"[{'Mn': '0.8', 'Fe': '0.1', 'Ti': '0.1', 'O': '2.0'}]",86.31960000000001,Cathode,144.16,4.0,90.0,576.64
Li1.17Ni0.25Mn0.58O2,"[{'Li': '1.17', 'Ni': '0.25', 'Mn': '0.58', 'O': '2.0'}]",86.65509,Cathode,250.0,4.6,90.0,1150.0
NiO / C,"[{'Ni': '1.0', 'O': '1.0'}, {'C': '1.0'}]",86.70299999999999,Anode,600.0,3.0,90.0,1800.0
Ni / Si,"[{'Ni': '1.0'}, {'Si': '1.0'}]",86.77799999999999,Anode,4095.0,1.5,94.6,6142.5
MnO2-280H,"[{'Mn': '1.0', 'O': '2.0'}]",86.936,Cathode,915.0,3.0,38.0,210.0
MnS-(ZnCo)S / N-C,"[{'Mn': '1.0', 'S': '1.0'}]",86.998,Anode,396.0,3.0,90.0,1188.0
Nickel phosphide,"[{'Ni': '1.0', 'P': '1.0'}]",89.667,Anode,500.0,0.4,90.0,200.0
CoP,"[{'Co': '1.0', 'P': '1.0'}]",89.907,Anode,500.0,3.0,90.0,1500.0
NiHCF,"[{'Ni': '1.0', 'H': '1.0', 'C': '1.0', 'F': '1.0'}]",90.71,Cathode,60.0,3.3,90.0,198.0
LiCrO2Â·Li2MnO3,"[{'Li': '1.0', 'Cr': '1.0', 'O': '2.0'}]",90.934,Cathode,172.0,2.73,85.0,469.56
NiOOH,"[{'Ni': '1.0', 'O': '2.0', 'H': '1.0'}]",91.699,Cathode,275.0,1.15,90.0,316.25
Orthosilicate,"[{'Si': '1.0', 'O': '4.0'}]",92.081,Cathode,14.0,2.5,90.0,35.0
Ni(OH)2,"[{'O': '2.0', 'H': '2.0', 'Ni': '1.0'}]",92.707,Cathode,289.0,0.1,90.0,139.0
Li2Se,"[{'Li': '2.0', 'Se': '1.0'}]",92.851,Cathode,100.0,2.4,90.0,240.0
Phosphate,"[{'P': '1.0', 'O': '4.0'}]",94.97,Cathode,197.0,1.5,90.0,295.5
CuHCF,"[{'Cu': '1.0', 'H': '1.0', 'C': '1.0', 'F': '1.0'}]",95.563,Cathode,10.0,0.05,90.0,0.5
CuS,"[{'Cu': '1.0', 'S': '1.0'}]",95.606,Anode,1087.1,1.1,98.8,1195.81
LiNi0.5Mn0.5O2,"[{'Li': '1.0', 'Ni': '0.5', 'Mn': '0.5', 'O': '2.0'}]",95.7535,Cathode,120.3,5.11,78.0,614.7330000000001
Titanate,"[{'Ti': '1.0', 'O': '3.0'}]",95.864,Anode,440.8,4.7,90.0,2071.76
NVP,"[{'N': '1.0', 'V': '1.0', 'P': '1.0'}]",95.9225,Cathode,100.2,2.0,99.5,396.0
LiNi0.45Mn0.45Co0.1O2,"[{'Li': '1.0', 'Ni': '0.45', 'Mn': '0.45', 'Co': '0.1', 'O': '2.0'}]",95.96525,Cathode,168.0,4.3,90.0,722.4
LiNi0.8Co0.15Al0.05O2,"[{'Li': '1.0', 'Ni': '0.8', 'Co': '0.15', 'Al': '0.05', 'O': '2.0'}]",96.08145,Cathode,25.0,4.33,82.2,108.25
LiNi0.4Mn0.4Co0.2O2,"[{'Li': '1.0', 'Ni': '0.4', 'Mn': '0.4', 'Co': '0.2', 'O': '2.0'}]",96.177,Cathode,181.0,4.5,90.0,814.5
LiNi1 / 3Co1 / 3Mn1 / 3O2,"[{'Li': '1.0', 'Ni': '0.3333', 'Co': '0.3333', 'Mn': '0.3333', 'O': '2.0'}]",96.4535812,Cathode,160.0,4.6,93.0,736.0
LiNi0.5Co0.2Mn0.3O2,"[{'Li': '1.0', 'Ni': '0.5', 'Co': '0.2', 'Mn': '0.3', 'O': '2.0'}]",96.5525,Cathode,76.0,3.0,90.0,228.0
Li1.05Ni1 / 3Co1 / 3Mn1 / 3O2,"[{'Li': '1.05', 'Ni': '0.3333', 'Co': '0.3333', 'Mn': '0.3333', 'O': '2.0'}]",96.8005812,Cathode,158.0,2.5,90.0,395.0
LiNi0.6Co0.2Mn0.2O2,"[{'Li': '1.0', 'Ni': '0.6', 'Co': '0.2', 'Mn': '0.2', 'O': '2.0'}]",96.928,Cathode,145.5,4.6,83.8,455.0
MnO @ NC-Z,"[{'Mn': '1.0', 'O': '1.0'}, {'N': '1.0', 'C': '1.0'}]",96.955,Anode,945.0,0.88,90.0,831.6
Na0.44MnO2,"[{'Na': '0.44', 'Mn': '1.0', 'O': '2.0'}]",97.0516,Cathode,150.0,2.0,90.0,300.0
LiNi0.8Co0.1Mn0.1O2,"[{'Li': '1.0', 'Ni': '0.8', 'Co': '0.1', 'Mn': '0.1', 'O': '2.0'}]",97.2795,Cathode,40.0,4.5,90.0,180.0
ZnS,"[{'Zn': '1.0', 'S': '1.0'}]",97.44,Anode,650.0,2.0,90.0,1300.0
LiNi0.995Al0.005O2,"[{'Li': '1.0', 'Ni': '0.995', 'Al': '0.005', 'O': '2.0'}]",97.472445,Cathode,0.81,4.4,90.0,3.5640000000000005
LiNiO2,"[{'Li': '1.0', 'Ni': '1.0', 'O': '2.0'}]",97.631,Cathode,224.0,2.5,90.0,560.0
LiCo0.95Mn0.05O2,"[{'Li': '1.0', 'Co': '0.95', 'Mn': '0.05', 'O': '2.0'}]",97.67125,Cathode,194.0,3.0,90.0,582.0
LiNi0.8Co0.2O2,"[{'Li': '1.0', 'Ni': '0.8', 'Co': '0.2', 'O': '2.0'}]",97.679,Cathode,208.0,3.6,79.3,748.8000000000001
LiNi0.75Co0.25O2,"[{'Li': '1.0', 'Ni': '0.75', 'Co': '0.25', 'O': '2.0'}]",97.691,Cathode,167.0,3.0,90.0,501.0
LiCo0.7Ni0.3O2,"[{'Li': '1.0', 'Co': '0.7', 'Ni': '0.3', 'O': '2.0'}]",97.799,Cathode,140.0,2.8,90.0,392.0
LCO,"[{'Li': '1.0', 'Co': '1.0', 'O': '2.0'}]",97.871,Cathode,195.0,3.9,98.0,410.0
Li1.5Ni0.25Mn0.75O2+d,"[{'Li': '1.5', 'Ni': '0.25', 'Mn': '0.75', 'O': '2.0'}]",98.28475000000002,Cathode,159.0,2.0,90.0,318.0
Na0.44Mn0.6Ni0.4O2,"[{'Na': '0.44', 'Mn': '0.6', 'Ni': '0.4', 'O': '2.0'}]",98.5536,Cathode,146.1,4.0,90.0,584.4
Li0.946Ca0.027CoO2,"[{'Li': '0.946', 'Ca': '0.027', 'Co': '1.0', 'O': '2.0'}]",98.578346,Cathode,177.9,4.3,90.0,764.97
K0.3MnO2,"[{'K': '0.3', 'Mn': '1.0', 'O': '2.0'}]",98.6654,Cathode,136.0,4.0,90.0,544.0
FeP @ C,"[{'Fe': '1.0', 'P': '1.0'}, {'C': '1.0'}]",98.83,Anode,363.0,1.08,50.0,392.04
SVO,"[{'S': '1.0', 'V': '1.0', 'O': '1.0'}]",99.0005,Cathode,250.0,1.5,90.0,375.0
Na0.80Li0.12Ni0.22Mn0.66O2,"[{'Na': '0.8', 'Li': '0.12', 'Ni': '0.22', 'Mn': '0.66', 'O': '2.0'}]",100.39434,Cathode,118.0,4.2,90.0,495.6
Na0.6MnO2,"[{'Na': '0.6', 'Mn': '1.0', 'O': '2.0'}]",100.73,Cathode,200.0,4.3,90.0,860.0
Na0.75Mn0.7Ni0.23O2,"[{'Na': '0.75', 'Mn': '0.7', 'Ni': '0.23', 'O': '2.0'}]",101.19649,Cathode,268.0,3.6,43.0,964.8000000000001
CNT / CoS @ C,"[{'Co': '1.0', 'S': '1.0', 'C': '1.0'}]",103.004,Anode,341.0,3.0,99.6,1023.0
Na0.7MnO2,"[{'Na': '0.7', 'Mn': '1.0', 'O': '2.0'}]",103.029,Cathode,140.9,3.9,90.0,549.51
Na0.67Co0.25Mn0.75O2,"[{'Na': '0.67', 'Co': '0.25', 'Mn': '0.75', 'O': '2.0'}]",103.33805,Cathode,52.79,2.4,90.0,126.696
Na0.8Li0.1Ni0.31Mn0.62O2,"[{'Na': '0.8', 'Li': '0.1', 'Ni': '0.31', 'Mn': '0.62', 'O': '2.0'}]",103.34039,Cathode,80.0,4.4,76.0,352.0
Na0.67Ni0.33Mn0.67O2,"[{'Na': '0.67', 'Ni': '0.33', 'Mn': '0.67', 'O': '2.0'}]",103.57845000000002,Cathode,140.0,4.5,90.0,630.0
GeP,"[{'Ge': '1.0', 'P': '1.0'}]",103.604,Anode,520.0,2.5,78.0,1300.0
Na0.67Mn0.65Ni0.2Co0.15O2,"[{'Na': '0.67', 'Mn': '0.65', 'Ni': '0.2', 'Co': '0.15', 'O': '2.0'}]",103.68955,Cathode,93.0,1.5,90.0,139.5
OH-S @ MnO2,"[{'O': '1.0', 'H': '1.0'}, {'Mn': '1.0', 'O': '2.0'}]",103.943,Cathode,1155.0,2.35,100.0,2714.25
Li1.4Ni0.3Mn0.7O2.4,"[{'Li': '1.4', 'Ni': '0.3', 'Mn': '0.7', 'O': '2.4'}]",104.1781,Cathode,329.6,4.3,90.0,1417.28
K0.5MnO2,"[{'K': '0.5', 'Mn': '1.0', 'O': '2.0'}]",106.485,Cathode,110.0,1.5,90.0,165.0
K0.45Mn0.5Co0.5O2,"[{'K': '0.45', 'Mn': '0.5', 'Co': '0.5', 'O': '2.0'}]",106.5276,Cathode,83.0,3.9,90.0,323.7
K0.5[Mn0.8Fe0.1Ni0.1]O2,"[{'K': '0.5', 'Mn': '0.8', 'Fe': '0.1', 'Ni': '0.1', 'O': '2.0'}]",106.9512,Cathode,120.0,3.9,90.0,468.0
NaCrO2,"[{'Na': '1.0', 'Cr': '1.0', 'O': '2.0'}]",106.984,Cathode,123.0,3.0,55.0,369.0
FeOCl,"[{'Fe': '1.0', 'O': '1.0', 'Cl': '1.0'}]",107.294,Cathode,155.0,3.5,90.0,542.5
Li2S / KB / C,"[{'Li': '2.0', 'S': '1.0'}, {'K': '1.0', 'B': '1.0'}, {'C': '1.0'}]",107.859,Cathode,400.0,2.1,100.0,840.0
NVP / C,"[{'N': '1.0', 'V': '1.0', 'P': '1.0'}, {'C': '1.0'}]",107.9335,Cathode,101.0,2.2,99.0,223.0
Si @ TiO2,"[{'Si': '1.0'}, {'Ti': '1.0', 'O': '2.0'}]",107.95,Anode,2726.1,2.5,90.0,6815.25
ZnS / C,"[{'Zn': '1.0', 'S': '1.0'}, {'C': '1.0'}]",109.451,Anode,268.0,0.05,90.0,13.4
LTO,"[{'Li': '2.0', 'Ti': '1.0', 'O': '3.0'}]",109.744,Anode,161.0,0.8,91.0,18.0
Na0.67Ni0.33Mn0.57Sn0.1O2,"[{'Na': '0.67', 'Ni': '0.33', 'Mn': '0.57', 'Sn': '0.1', 'O': '2.0'}]",109.95565,Cathode,155.2,2.0,90.0,310.4
NaNi0.5Mn0.5O2,"[{'Na': '1.0', 'Ni': '0.5', 'Mn': '0.5', 'O': '2.0'}]",111.8035,Cathode,125.0,1.0,90.0,125.0
TiS2,"[{'Ti': '1.0', 'S': '2.0'}]",111.987,Cathode,120.0,2.5,90.0,17.0
NaNi0.5Fe0.5O2,"[{'Na': '1.0', 'Ni': '0.5', 'Fe': '0.5', 'O': '2.0'}]",112.257,Cathode,189.0,4.2,90.0,793.8000000000001
FeF3,"[{'Fe': '1.0', 'F': '3.0'}]",112.839,Cathode,237.0,1.5,90.0,612.0
NVPF,"[{'N': '1.0', 'V': '1.0', 'P': '1.0', 'F': '1.0'}]",114.9205,Cathode,115.0,3.3,90.0,500.0
VS2,"[{'V': '1.0', 'S': '2.0'}]",115.0615,Cathode,1374.0,1.5,94.0,353.0
Li2MnO3,"[{'Li': '2.0', 'Mn': '1.0', 'O': '3.0'}]",116.815,Cathode,35.0,3.28,90.0,114.8
CoCO3,"[{'Co': '1.0', 'C': '1.0', 'O': '3.0'}]",118.941,Anode,1008.0,0.96,75.2,967.68
S @ MnO2,"[{'S': '1.0'}, {'Mn': '1.0', 'O': '2.0'}]",118.996,Cathode,760.0,2.1,90.0,1596.0
Si / C @ TiO2,"[{'Si': '1.0'}, {'C': '1.0', 'Ti': '1.0', 'O': '2.0'}]",119.961,Anode,1048.0,3.1,90.0,3248.8
FeS2,"[{'Fe': '1.0', 'S': '2.0'}]",119.965,Cathode,140.6,1.7,90.0,600.0
LiMnBO3,"[{'Li': '1.0', 'Mn': '1.0', 'B': '1.0', 'O': '3.0'}]",120.685,Cathode,222.0,2.5,90.0,275.0
PVK,"[{'P': '1.0', 'V': '1.0', 'K': '1.0'}]",121.0135,Cathode,61.0,4.2,90.0,256.2
MnVO,"[{'Mn': '1.0', 'V': '1.0', 'O': '1.0'}]",121.8785,Anode,752.0,0.2,37.9,150.4
Ni / Cu,"[{'Ni': '1.0'}, {'Cu': '1.0'}]",122.239,Cathode,40.0,2.6,90.0,104.0
NiS2-40,"[{'Ni': '1.0', 'S': '2.0'}]",122.813,Cathode,794.0,0.5,90.0,397.0
Sulfur / C3N4,"[{'S': '1.0'}, {'C': '3.0', 'N': '4.0'}]",124.121,Cathode,720.0,2.1,90.0,1512.0
LiCoBO3,"[{'Li': '1.0', 'Co': '1.0', 'B': '1.0', 'O': '3.0'}]",124.68,Cathode,98.0,4.0,90.0,392.0
S @ Ni(OH)2,"[{'S': '1.0'}, {'O': '2.0', 'H': '2.0', 'Ni': '1.0'}]",124.767,Cathode,523.0,3.0,90.0,1569.0
FeF3 / C,"[{'Fe': '1.0', 'F': '3.0'}, {'C': '1.0'}]",124.85,Cathode,710.0,1.5,90.0,1065.0
NVPF @ C,"[{'N': '1.0', 'V': '1.0', 'P': '1.0', 'F': '1.0'}, {'C': '1.0'}]",126.9315,Cathode,130.0,4.3,90.0,500.0
MoO2,"[{'Mo': '1.0', 'O': '2.0'}]",127.948,Anode,523.0,0.35,90.0,179.0
Sn / C,"[{'Sn': '1.0'}, {'C': '1.0'}]",130.721,Anode,425.0,2.0,80.1,950.0
VB2 / Ni,"[{'V': '1.0', 'B': '2.0'}, {'Ni': '1.0'}]",131.2545,Anode,2700.0,0.7,85.6,1889.9999999999998
LiMnBO3 / C,"[{'Li': '1.0', 'Mn': '1.0', 'B': '1.0', 'O': '3.0'}, {'C': '1.0'}]",132.696,Cathode,120.0,4.5,90.0,540.0
RuO2,"[{'Ru': '1.0', 'O': '2.0'}]",133.06799999999998,Anode,1130.0,0.81,99.0,915.3000000000001
SnO,"[{'Sn': '1.0', 'O': '1.0'}]",134.709,Anode,1000.0,1.0,90.0,1000.0
NiS2 / C,"[{'Ni': '1.0', 'S': '2.0'}, {'C': '1.0'}]",134.824,Cathode,315.0,1.6,90.0,1082.0
NaMnF3,"[{'Na': '1.0', 'Mn': '1.0', 'F': '3.0'}]",134.922,Cathode,150.0,3.84,90.0,576.0
Li3VO4 / CâNi,"[{'Li': '3.0', 'V': '1.0', 'O': '4.0'}]",135.7575,Anode,325.0,3.0,90.0,975.0
NaFeF3,"[{'Na': '1.0', 'Fe': '1.0', 'F': '3.0'}]",135.829,Cathode,50.0,3.1,90.0,500.0
KVPF,"[{'K': '1.0', 'V': '1.0', 'P': '1.0', 'F': '1.0'}]",140.0115,Cathode,84.0,3.4,90.0,285.59999999999997
Sodium titanate,"[{'Na': '2.0', 'Ti': '1.0', 'O': '3.0'}]",141.844,Anode,150.0,2.5,90.0,375.0
SeS2,"[{'Se': '1.0', 'S': '2.0'}]",143.091,Cathode,395.0,0.5,90.0,197.5
MoO3,"[{'Mo': '1.0', 'O': '3.0'}]",143.947,Anode,22.0,2.05,69.5,45.099999999999994
LiNbO3,"[{'Li': '1.0', 'Nb': '1.0', 'O': '3.0'}]",147.84300000000002,Anode,61.0,3.7,90.2,225.70000000000002
Co @ PNCS-2,"[{'Co': '1.0'}, {'P': '1.0', 'N': '1.0', 'C': '1.0', 'S': '1.0'}]",147.985,Cathode,4352.0,0.17,90.0,739.84
V2O3 / rGO,"[{'V': '2.0', 'O': '3.0'}]",149.88,Anode,1393.2,0.1,100.0,139.32000000000002
Ni / PCNFO-S,"[{'Ni': '1.0'}, {'P': '1.0', 'C': '1.0', 'N': '1.0', 'F': '1.0', 'O': '1.0'}]",150.682,Cathode,675.0,0.16,99.0,108.0
SnO2 / MXene,"[{'Sn': '1.0', 'O': '2.0'}]",150.708,Anode,736.0,0.8,82.9,588.8000000000001
SnS,"[{'Sn': '1.0', 'S': '1.0'}]",150.76999999999998,Anode,439.0,1.15,68.0,504.84999999999997
FePO4 / graphene,"[{'Fe': '1.0', 'P': '1.0', 'O': '4.0'}]",150.815,Cathode,112.0,1.0,90.0,144.0
NIB,"[{'N': '1.0', 'I': '1.0', 'B': '1.0'}]",151.717,Anode,130.0,4.5,90.0,585.0
CaMnO3 / C,"[{'Ca': '1.0', 'Mn': '1.0', 'O': '3.0'}, {'C': '1.0'}]",155.024,Cathode,3870.0,1.85,90.0,7159.5
Co0.85Se / NC-X,"[{'Co': '0.85', 'Se': '1.0'}, {'N': '1.0', 'C': '1.0'}]",155.08205,Anode,776.6,3.0,67.54,2329.8
LiMnPO4,"[{'Li': '1.0', 'Mn': '1.0', 'P': '1.0', 'O': '4.0'}]",156.848,Cathode,100.0,4.0,90.0,697.0
LiMn0.8Fe0.2PO4,"[{'Li': '1.0', 'Mn': '0.8', 'Fe': '0.2', 'P': '1.0', 'O': '4.0'}]",157.0294,Cathode,148.0,1.8,90.0,266.40000000000003
LiTi0.08Fe0.92PO4,"[{'Li': '1.0', 'Ti': '0.08', 'Fe': '0.92', 'P': '1.0', 'O': '4.0'}]",157.11676,Cathode,160.0,2.0,90.0,320.0
LiFePO4,"[{'Li': '1.0', 'Fe': '1.0', 'P': '1.0', 'O': '4.0'}]",157.755,Cathode,56.7,0.2,84.3,400.0
Mn2O3,"[{'Mn': '2.0', 'O': '3.0'}]",157.873,Anode,1500.0,3.0,66.0,4500.0
PI-3,"[{'P': '1.0', 'I': '1.0'}]",157.874,Cathode,522.0,4.4,90.0,2296.8
MoP2,"[{'Mo': '1.0', 'P': '2.0'}]",157.898,Anode,1152.0,0.1,90.0,115.2
VPO4 @ C / graphene,"[{'V': '1.0', 'P': '1.0', 'O': '4.0', 'C': '1.0'}]",157.9225,Anode,1074.6,3.0,90.0,3223.7999999999997
LiFe0.4Mn0.4Co0.2PO4 / C-based,"[{'Li': '1.0', 'Fe': '0.4', 'Mn': '0.4', 'Co': '0.2', 'P': '1.0', 'O': '4.0'}]",158.0098,Cathode,163.3,5.0,90.0,816.5
KMnO4,"[{'K': '1.0', 'Mn': '1.0', 'O': '4.0'}]",158.032,Cathode,243.5,2.8,90.0,454.0
Li2.1Ru0.9Co0.1O3,"[{'Li': '2.1', 'Ru': '0.9', 'Co': '0.1', 'O': '3.0'}]",159.4273,Cathode,250.0,3.6,90.0,900.0
Fe2O3-NA-1.5,"[{'Fe': '2.0', 'O': '3.0'}]",159.687,Anode,350.0,0.8,75.0,280.0
Ru / Ni,"[{'Ru': '1.0'}, {'Ni': '1.0'}]",159.76299999999998,Cathode,803.0,2.9,95.4,2328.7
MoS2,"[{'Mo': '1.0', 'S': '2.0'}]",160.07,Cathode,453.0,0.45,100.0,215.0
LiNi0.5Co0.5PO4,"[{'Li': '1.0', 'Ni': '0.5', 'Co': '0.5', 'P': '1.0', 'O': '4.0'}]",160.723,Cathode,50.0,4.8,90.0,240.0
LiCoPO4,"[{'Li': '1.0', 'Co': '1.0', 'P': '1.0', 'O': '4.0'}]",160.84300000000002,Cathode,100.0,5.0,90.0,500.0
CNT @ Li2MnSiO4,"[{'Li': '2.0', 'Mn': '1.0', 'Si': '1.0', 'O': '4.0'}]",160.899,Cathode,67.0,2.2,90.0,550.0
Li2FeSiO4,"[{'Li': '2.0', 'Fe': '1.0', 'Si': '1.0', 'O': '4.0'}]",161.806,Cathode,94.0,4.2,90.0,394.8
V2O3 / C,"[{'V': '2.0', 'O': '3.0'}, {'C': '1.0'}]",161.891,Anode,1041.5,3.0,90.0,3124.5
SnO2 @ C,"[{'Sn': '1.0', 'O': '2.0'}, {'C': '1.0'}]",162.719,Anode,1032.0,0.9,98.0,18.0
Nickel oxide,"[{'Ni': '2.0', 'O': '3.0'}]",165.38299999999998,Anode,1111.08,1.5,90.0,1666.62
Cobalt oxide,"[{'Co': '2.0', 'O': '3.0'}]",165.863,Anode,1036.0,2.75,90.0,2849.0
Ti3C2 / S @ PDA,"[{'Ti': '3.0', 'C': '2.0'}]",167.623,Cathode,160.0,2.1,90.0,336.0
C6O6 @ graphene,"[{'C': '6.0', 'O': '6.0'}]",168.06,Cathode,155.0,1.5,90.0,232.5
PIB,"[{'P': '1.0', 'I': '1.0', 'B': '1.0'}]",168.684,Anode,250.0,0.7,90.0,175.0
LiVOPO4,"[{'Li': '1.0', 'V': '1.0', 'O': '5.0', 'P': '1.0'}]",168.85049999999998,Cathode,89.7,0.66,90.0,59.202000000000005
LiMnPO4 / C,"[{'Li': '1.0', 'Mn': '1.0', 'P': '1.0', 'O': '4.0'}, {'C': '1.0'}]",168.859,Cathode,137.4,4.5,90.0,618.3000000000001
LiMn0.6Fe0.4PO4 / C,"[{'Li': '1.0', 'Mn': '0.6', 'Fe': '0.4', 'P': '1.0', 'O': '4.0'}, {'C': '1.0'}]",169.2218,Cathode,134.0,4.08,90.0,546.72
LiFePO4 / C,"[{'Li': '1.0', 'Fe': '1.0', 'P': '1.0', 'O': '4.0'}, {'C': '1.0'}]",169.766,Cathode,156.0,3.3,90.0,514.8
SIB,"[{'S': '1.0', 'I': '1.0', 'B': '1.0'}]",169.77,Anode,110.0,4.0,90.0,440.0
MnO2 @ C @ MnO,"[{'Mn': '1.0', 'O': '2.0'}, {'C': '1.0'}, {'Mn': '1.0', 'O': '1.0'}]",169.884,Anode,483.5,3.0,76.4,1450.5
LiVPO4F,"[{'Li': '1.0', 'V': '1.0', 'P': '1.0', 'O': '4.0', 'F': '1.0'}]",171.84949999999998,Cathode,139.1,4.1,90.0,570.31
MoS2 / C,"[{'Mo': '1.0', 'S': '2.0'}, {'C': '1.0'}]",172.081,Anode,462.8,3.0,99.0,1388.4
LiNi0.5Co0.5PO4 / C,"[{'Li': '1.0', 'Ni': '0.5', 'Co': '0.5', 'P': '1.0', 'O': '4.0'}, {'C': '1.0'}]",172.734,Cathode,74.0,4.71,90.0,348.54
CNT @ Li2MnSiO4 @ C,"[{'Li': '2.0', 'Mn': '1.0', 'Si': '1.0', 'O': '4.0'}, {'C': '1.0'}]",172.91,Cathode,168.0,2.26,90.0,379.67999999999995
Li2FeSiO4 / C,"[{'Li': '2.0', 'Fe': '1.0', 'Si': '1.0', 'O': '4.0'}, {'C': '1.0'}]",173.817,Cathode,146.0,3.2,90.0,467.20000000000005
Copper oxide,"[{'Cu': '2.0', 'O': '3.0'}]",175.089,Anode,800.0,1.0,90.0,800.0
Li1.09Mn1.91O4,"[{'Li': '1.09', 'Mn': '1.91', 'O': '4.0'}]",176.49218,Cathode,91.0,4.3,90.0,391.3
LiFeSO4F,"[{'Li': '1.0', 'Fe': '1.0', 'S': '1.0', 'O': '4.0', 'F': '1.0'}]",177.839,Cathode,151.0,3.6,90.0,543.6
VS4 @ rGO,"[{'V': '1.0', 'S': '4.0'}]",179.1815,Cathode,180.0,1.82,90.0,327.6
FeS @ TiO2 @ C,"[{'Fe': '1.0', 'S': '1.0'}, {'Ti': '1.0', 'O': '2.0'}, {'C': '1.0'}]",179.78099999999998,Anode,384.0,3.0,90.0,1152.0
LiNiVO4,"[{'Li': '1.0', 'Ni': '1.0', 'V': '1.0', 'O': '4.0'}]",180.5705,Cathode,43.0,4.8,90.0,206.4
LiMn2O4,"[{'Li': '1.0', 'Mn': '2.0', 'O': '4.0'}]",180.812,Cathode,126.0,3.0,96.2,397.0
LiFe0.2Mn1.8O4,"[{'Li': '1.0', 'Fe': '0.2', 'Mn': '1.8', 'O': '4.0'}]",180.9934,Cathode,40.0,4.8,90.0,192.0
LiMn1.99Nd0.01O4,"[{'Li': '1.0', 'Mn': '1.99', 'Nd': '0.01', 'O': '4.0'}]",181.70502,Cathode,149.0,4.3,90.0,640.6999999999999
LiCr0.2Ni0.4Mn1.4O4,"[{'Li': '1.0', 'Cr': '0.2', 'Ni': '0.4', 'Mn': '1.4', 'O': '4.0'}]",181.7256,Cathode,145.5,4.0,90.0,582.0
V2O5-YS,"[{'V': '2.0', 'O': '5.0'}]",181.878,Cathode,295.3,1.5,83.0,600.0
LiNi0.4Mn1.6O4,"[{'Li': '1.0', 'Ni': '0.4', 'Mn': '1.6', 'O': '4.0'}]",182.314,Cathode,146.0,5.0,90.0,730.0
LiNi0.5Mn1.5O4,"[{'Li': '1.0', 'Ni': '0.5', 'Mn': '1.5', 'O': '4.0'}]",182.6895,Cathode,136.0,5.0,99.98,500.0
SnS2,"[{'Sn': '1.0', 'S': '2.0'}]",182.83,Anode,472.78,0.6,98.0,361.7
LiVPO4F / C,"[{'Li': '1.0', 'V': '1.0', 'P': '1.0', 'O': '4.0', 'F': '1.0'}, {'C': '1.0'}]",183.8605,Cathode,107.0,4.5,90.0,481.5
LiMn1.4Ni0.55Mo0.05O4,"[{'Li': '1.0', 'Mn': '1.4', 'Ni': '0.55', 'Mo': '0.05', 'O': '4.0'}]",184.92785,Cathode,68.5,4.7,90.0,321.95
LiCo1.09Mn0.91O4,"[{'Li': '1.0', 'Co': '1.09', 'Mn': '0.91', 'O': '4.0'}]",185.16655,Cathode,131.2,3.2,90.0,419.84
SnSe0.5S0.5 / C,"[{'Sn': '1.0', 'Se': '0.5', 'S': '0.5'}, {'C': '1.0'}]",186.2365,Anode,437.0,3.0,70.0,1311.0
Fe0.5TiOPO4,"[{'Fe': '0.5', 'Ti': '1.0', 'O': '5.0', 'P': '1.0'}]",186.7585,Anode,200.0,4.0,90.0,800.0
Li2CoPO4F,"[{'Li': '2.0', 'Co': '1.0', 'P': '1.0', 'O': '4.0', 'F': '1.0'}]",186.781,Cathode,136.0,2.0,90.0,272.0
CoSn @ C,"[{'Co': '1.0', 'Sn': '1.0'}, {'C': '1.0'}]",189.654,Anode,231.3,0.2,90.0,46.260000000000005
Li3FeF6 / CNTs,"[{'Li': '3.0', 'Fe': '1.0', 'F': '6.0'}]",190.653,Cathode,80.0,2.9,90.0,232.0
RuO2 / Ni,"[{'Ru': '1.0', 'O': '2.0'}, {'Ni': '1.0'}]",191.761,Cathode,1675.0,2.6,90.0,4355.0
Fe1.5(PO4)(OH),"[{'P': '1.0', 'O': '5.0', 'H': '1.0', 'Fe': '1.5'}]",195.7445,Cathode,135.0,4.2,90.0,567.0
Pd / PNCNF-2,"[{'Pd': '1.0'}, {'P': '1.0', 'N': '2.0', 'C': '1.0', 'F': '1.0'}]",196.417,Cathode,1926.0,4.14,90.0,7973.639999999999
SnSe,"[{'Sn': '1.0', 'Se': '1.0'}]",197.681,Anode,271.0,1.0,90.0,271.0
K2FeO4,"[{'K': '2.0', 'Fe': '1.0', 'O': '4.0'}]",198.037,Cathode,169.8,0.55,90.0,93.39000000000001
NaVPO4F / C,"[{'Na': '1.0', 'V': '1.0', 'P': '1.0', 'O': '4.0', 'F': '1.0'}, {'C': '1.0'}]",199.9105,Cathode,80.0,1.0,90.0,80.0
MgFe2O4,"[{'Mg': '1.0', 'Fe': '2.0', 'O': '4.0'}]",199.991,Anode,727.0,0.4,90.0,290.8
Mo2C,"[{'Mo': '2.0', 'C': '1.0'}]",203.911,Anode,155.0,3.5,90.0,542.5
Cu2Se,"[{'Cu': '2.0', 'Se': '1.0'}]",206.063,Cathode,120.0,0.2,90.0,24.0
Li2S6,"[{'Li': '2.0', 'S': '6.0'}]",206.24,Cathode,610.8,0.19,90.0,793.0
Na1.5VPO4.8F0.7,"[{'Na': '1.5', 'V': '1.0', 'P': '1.0', 'O': '4.8', 'F': '0.7'}]",206.4943,Cathode,946.0,3.3,90.0,256.0
Pt / C,"[{'Pt': '1.0'}, {'C': '1.0'}]",207.091,Anode,400.0,1.4,90.0,726.0
Li3CrMnO5,"[{'Li': '3.0', 'Cr': '1.0', 'Mn': '1.0', 'O': '5.0'}]",207.749,Cathode,200.0,4.3,90.0,860.0
RuO2 / NiO,"[{'Ru': '1.0', 'O': '2.0'}, {'Ni': '1.0', 'O': '1.0'}]",207.76,Cathode,500.0,2.75,90.0,1375.0
NaI / Ni,"[{'Na': '1.0', 'I': '1.0'}, {'Ni': '1.0'}]",208.58300000000003,Cathode,126.0,2.605,100.0,328.23
SnSe / C,"[{'Sn': '1.0', 'Se': '1.0'}, {'C': '1.0'}]",209.692,Anode,748.5,1.9,90.0,1422.1499999999999
Na2C8H4O4,"[{'Na': '2.0', 'C': '8.0', 'H': '4.0', 'O': '4.0'}]",210.096,Anode,268.0,3.6,90.0,964.8000000000001
NMC,"[{'Li': '1.0', 'Ni': '1.0', 'Mn': '1.0', 'Co': '1.0', 'O': '2.0'}]",211.502,Cathode,125.0,3.7,99.0,462.5
Hexacyanoferrate,"[{'C': '6.0', 'N': '6.0', 'Fe': '1.0'}]",211.953,Cathode,60.0,0.127,75.0,7.62
RuO2 / mTiO2,"[{'Ru': '1.0', 'O': '2.0'}, {'Ti': '1.0', 'O': '2.0'}]",212.933,Cathode,2000.0,4.0,90.0,8000.0
CoSe2,"[{'Co': '1.0', 'Se': '2.0'}]",216.875,Anode,546.7,3.0,96.0,1640.1000000000001
Li2MgSnO4,"[{'Li': '2.0', 'Mg': '1.0', 'Sn': '1.0', 'O': '4.0'}]",220.891,Anode,794.0,3.18,85.0,2524.92
Manganese oxide,"[{'Mn': '2.0', 'O': '7.0'}]",221.86900000000003,Cathode,308.0,2.5,90.0,770.0
IrO2,"[{'Ir': '1.0', 'O': '2.0'}]",224.218,Cathode,732.0,1.8,94.95,935.0
Mn3O4-G,"[{'Mn': '3.0', 'O': '4.0'}]",228.81000000000003,Anode,643.0,0.5,73.24,321.5
CoSe2 @ C / CNTs,"[{'Co': '1.0', 'Se': '2.0', 'C': '1.0'}]",228.886,Anode,390.0,1.9,80.0,741.0
MnFe2O4,"[{'Mn': '1.0', 'Fe': '2.0', 'O': '4.0'}]",230.624,Anode,100.0,1.3,90.0,130.0
Fe3O4,"[{'Fe': '3.0', 'O': '4.0'}]",231.531,Anode,812.0,0.8,38.0,649.6
Tungsten oxide,"[{'W': '1.0', 'O': '3.0'}]",231.837,Anode,481.0,4.5,74.5,2164.5
CoMn2O4,"[{'Co': '1.0', 'Mn': '2.0', 'O': '4.0'}]",232.805,Anode,706.0,0.02,98.5,14.120000000000001
5 V LiNi0.5Mn1.5O4,"[{'V': '1.0', 'Li': '1.0', 'Ni': '0.5', 'Mn': '1.5', 'O': '4.0'}]",233.631,Cathode,125.0,5.0,90.0,521.0
Fe(VI),"[{'V': '1.0', 'I': '1.0', 'Fe': '1.0'}]",233.6865,Cathode,406.0,0.2,90.0,81.2
CoFe2O4,"[{'Co': '1.0', 'Fe': '2.0', 'O': '4.0'}]",234.619,Anode,1417.0,1.0,39.0,1417.0
FeSi6 / C,"[{'Fe': '1.0', 'Si': '6.0'}, {'C': '1.0'}]",236.366,Anode,1758.0,0.4,90.0,703.2
MnCo2O4,"[{'Mn': '1.0', 'Co': '2.0', 'O': '4.0'}]",236.8,Anode,1433.3,0.85,90.0,1218.3049999999998
Na3FeF6 / CNTs,"[{'Na': '3.0', 'Fe': '1.0', 'F': '6.0'}]",238.803,Cathode,201.7,1.0,90.0,201.7
GeP5 / C,"[{'Ge': '1.0', 'P': '5.0'}, {'C': '1.0'}]",239.511,Anode,800.0,0.7,100.0,560.0
SnSbâAg nano-alloy,"[{'Sn': '1.0', 'Sb': '1.0'}]",240.47,Anode,518.0,2.0,90.0,1036.0
NiCo2O4,"[{'Ni': '1.0', 'Co': '2.0', 'O': '4.0'}]",240.555,Cathode,500.0,4.5,91.0,10.4
Co3O4,"[{'Co': '3.0', 'O': '4.0'}]",240.795,Anode,168.1,0.99,61.6,166.41899999999998
Mn3O4 / C,"[{'Mn': '3.0', 'O': '4.0'}, {'C': '1.0'}]",240.82100000000003,Anode,1141.0,3.0,100.0,3423.0
ZnFe2O4 @ C nano-whiskers,"[{'Zn': '1.0', 'Fe': '2.0', 'O': '4.0'}]",241.066,Anode,1722.0,3.0,98.4,202.0
Fe3O4 @ C,"[{'Fe': '3.0', 'O': '4.0'}, {'C': '1.0'}]",243.542,Anode,60.1,1.0,90.0,60.1
Li2FeP2O7,"[{'Li': '2.0', 'Fe': '1.0', 'P': '2.0', 'O': '7.0'}]",243.666,Cathode,220.0,3.5,90.0,770.0
NiFe2O4 / C,"[{'Ni': '1.0', 'Fe': '2.0', 'O': '4.0'}, {'C': '1.0'}]",246.39,Anode,381.8,4.5,90.0,1718.1000000000001
ZnCo2O4 @ CNTs,"[{'Zn': '1.0', 'Co': '2.0', 'O': '4.0'}]",247.242,Anode,693.0,0.21,90.0,595.57
Cu2Sb,"[{'Cu': '2.0', 'Sb': '1.0'}]",248.852,Anode,323.0,1.05,90.0,339.15000000000003
Li2MnSnO4 / C,"[{'Li': '2.0', 'Mn': '1.0', 'Sn': '1.0', 'O': '4.0'}, {'C': '1.0'}]",263.535,Anode,920.0,3.5,90.0,3220.0
NiCl2 / NiS2 @ C,"[{'Ni': '1.0', 'Cl': '2.0'}, {'Ni': '1.0', 'S': '2.0', 'C': '1.0'}]",264.41700000000003,Cathode,946.08,2.78,90.0,2630.1023999999998
Nb2O5 / graphene,"[{'Nb': '2.0', 'O': '5.0'}]",265.807,Anode,263.6,3.0,90.0,112.9
FeFe(CN)6,"[{'C': '6.0', 'N': '6.0', 'Fe': '2.0'}]",267.798,Cathode,117.0,3.47,93.2,405.99
Na2FeP2O7,"[{'Na': '2.0', 'Fe': '1.0', 'P': '2.0', 'O': '7.0'}]",275.766,Cathode,91.0,3.0,90.0,273.0
In2O3,"[{'In': '2.0', 'O': '3.0'}]",277.637,Anode,2279.0,1.2,58.3,2734.7999999999997
LiV3O8,"[{'Li': '1.0', 'V': '3.0', 'O': '8.0'}]",287.7565,Cathode,200.0,3.69,100.0,60.0
Sb2O3,"[{'Sb': '2.0', 'O': '3.0'}]",291.517,Anode,1239.5,2.5,97.97,220.5
Na2Fe(SO4)2,"[{'S': '2.0', 'O': '8.0', 'Na': '2.0', 'Fe': '1.0'}]",293.937,Cathode,82.0,3.6,90.0,295.2
Fe3O4 / Fe / C,"[{'Fe': '3.0', 'O': '4.0'}, {'Fe': '1.0'}, {'C': '1.0'}]",299.387,Cathode,4000.0,2.3,90.0,9200.0
Ti4O7 / MCO,"[{'Ti': '4.0', 'O': '7.0'}]",303.461,Cathode,2500.0,2.2,90.0,5500.0
NiCo2S4âNi,"[{'Ni': '1.0', 'Co': '2.0', 'S': '4.0'}]",304.799,Anode,1368.0,2.0,90.0,2736.0
Co3S4,"[{'Co': '3.0', 'S': '4.0'}]",305.039,Cathode,287.9,0.68,90.0,195.772
Na2MnFe(CN)6,"[{'C': '6.0', 'N': '6.0', 'Na': '2.0', 'Mn': '1.0', 'Fe': '1.0'}]",312.871,Cathode,120.0,2.0,90.0,240.0
Na2Ni[Fe(CN)6],"[{'C': '6.0', 'N': '6.0', 'Fe': '1.0', 'Na': '2.0', 'Ni': '1.0'}]",316.626,Cathode,54.0,1.27,90.0,68.58
TiO2 / Co3O4,"[{'Ti': '1.0', 'O': '2.0'}, {'Co': '3.0', 'O': '4.0'}]",320.66,Anode,295.0,3.0,90.0,885.0
BiVO4,"[{'Bi': '1.0', 'V': '1.0', 'O': '4.0'}]",323.9175,Cathode,250.0,4.5,67.0,1125.0
NiCo2O4 @ MnO2,"[{'Ni': '1.0', 'Co': '2.0', 'O': '4.0'}, {'Mn': '1.0', 'O': '2.0'}]",327.491,Cathode,2372.0,1.19,100.0,2822.68
NiV3O8,"[{'Ni': '1.0', 'V': '3.0', 'O': '8.0'}]",339.5095,Cathode,286.6,4.2,90.0,1203.7200000000003
Sb2S3,"[{'Sb': '2.0', 'S': '3.0'}]",339.70000000000005,Anode,431.0,0.76,80.0,327.56
Li2ZnTi3O8,"[{'Li': '2.0', 'Zn': '1.0', 'Ti': '3.0', 'O': '8.0'}]",350.853,Anode,214.0,1.61,90.0,344.54
ZnSe-NC @ CoSe2-NC,"[{'Zn': '1.0', 'Se': '1.0'}, {'Co': '1.0', 'Se': '2.0'}]",361.226,Anode,707.2,1.72,90.0,1216.384
NaV2(PO4)2F3,"[{'P': '2.0', 'O': '8.0', 'Na': '1.0', 'V': '2.0', 'F': '3.0'}]",371.807,Cathode,97.0,3.65,90.0,354.05
Na3V2(PO4)2 @ C,"[{'P': '2.0', 'O': '8.0', 'Na': '3.0', 'V': '2.0'}, {'C': '1.0'}]",372.804,Cathode,90.0,2.2,90.0,198.00000000000003
RuO2 @ NiCo2O4,"[{'Ru': '1.0', 'O': '2.0'}, {'Ni': '1.0', 'Co': '2.0', 'O': '4.0'}]",373.62299999999993,Cathode,1420.0,0.614,90.0,871.88
Na4NiTeO6,"[{'Na': '4.0', 'Ni': '1.0', 'Te': '1.0', 'O': '6.0'}]",374.247,Cathode,34.7,4.5,90.0,156.15
LiTi2(PO4)3,"[{'P': '3.0', 'O': '12.0', 'Li': '1.0', 'Ti': '2.0'}]",387.584,Anode,84.0,0.65,90.0,54.6
MoS2 / Co3O4,"[{'Mo': '1.0', 'S': '2.0'}, {'Co': '3.0', 'O': '4.0'}]",400.865,Anode,1350.5,3.0,90.0,4051.5
NaTi2(PO4)3,"[{'P': '3.0', 'O': '12.0', 'Na': '1.0', 'Ti': '2.0'}]",403.634,Anode,126.5,1.5,90.0,189.75
Li3V2(PO4)3,"[{'P': '3.0', 'O': '12.0', 'Li': '3.0', 'V': '2.0'}]",407.613,Cathode,108.9,3.0,90.0,800.0
Na3V2(PO4)2F3,"[{'P': '2.0', 'O': '8.0', 'Na': '3.0', 'V': '2.0', 'F': '3.0'}]",417.7869999999999,Cathode,110.0,1.62,98.5,178.20000000000002
Li3V2(PO4)3 / C,"[{'P': '3.0', 'O': '12.0', 'Li': '3.0', 'V': '2.0'}, {'C': '1.0'}]",419.624,Cathode,113.0,3.0,90.0,339.0
Li2NaV2(PO4)3,"[{'P': '3.0', 'O': '12.0', 'Li': '2.0', 'Na': '1.0', 'V': '2.0'}]",423.663,Cathode,96.0,1.0,90.0,96.0
CoSb3,"[{'Co': '1.0', 'Sb': '3.0'}]",424.213,Anode,778.0,0.1,90.0,77.80000000000001
Li3Fe2(PO4)3 / C,"[{'P': '3.0', 'O': '12.0', 'Li': '3.0', 'Fe': '2.0'}, {'C': '1.0'}]",429.431,Cathode,90.7,0.1,90.0,9.07
(MoO2)2P2O7,"[{'Mo': '2.0', 'O': '11.0', 'P': '2.0'}]",429.837,Cathode,250.0,3.7,90.0,925.0
Sb2MoO6,"[{'Sb': '2.0', 'Mo': '1.0', 'O': '6.0'}]",435.46400000000006,Anode,571.9,3.4,90.0,1944.4599999999998
Na2Fe2(SO4)3,"[{'S': '3.0', 'O': '12.0', 'Na': '2.0', 'Fe': '2.0'}]",445.838,Cathode,100.0,3.8,90.0,380.0
Sn(MoO4)2 / C,"[{'Mo': '2.0', 'O': '8.0', 'Sn': '1.0'}, {'C': '1.0'}]",450.613,Anode,300.0,3.0,60.4,900.0
Li4C24H8O8,"[{'Li': '4.0', 'C': '24.0', 'H': '8.0', 'O': '8.0'}]",452.08,Anode,200.0,1.1,90.0,220.00000000000003
Na3V2(PO4)3,"[{'P': '3.0', 'O': '12.0', 'Na': '3.0', 'V': '2.0'}]",455.763,Cathode,122.0,3.4,92.0,440.0
Li4Ti5O12,"[{'Li': '4.0', 'Ti': '5.0', 'O': '12.0'}]",459.083,Anode,215.1,3.0,99.0,95.0
Mn3O4 / Fe3O4,"[{'Mn': '3.0', 'O': '4.0'}, {'Fe': '3.0', 'O': '4.0'}]",460.341,Anode,630.0,0.73,90.0,459.9
K3V2(PO4)2F3,"[{'P': '2.0', 'O': '8.0', 'K': '3.0', 'V': '2.0', 'F': '3.0'}]",466.111,Cathode,103.0,3.75,90.0,386.25
Zn3(HCOO)6,"[{'H': '6.0', 'C': '6.0', 'O': '12.0', 'Zn': '3.0'}]",466.242,Anode,560.0,3.0,90.0,1680.0
Li3.94La0.06Ti5O12,"[{'Li': '3.94', 'La': '0.06', 'Ti': '5.0', 'O': '12.0'}]",467.0012,Anode,150.4,1.55,90.0,233.12
Na3V2(PO4)3 / C,"[{'P': '3.0', 'O': '12.0', 'Na': '3.0', 'V': '2.0'}, {'C': '1.0'}]",467.774,Cathode,20.0,2.65,98.8,86.6
CNT @ Li4Ti5O12 @ C,"[{'Li': '4.0', 'Ti': '5.0', 'O': '12.0'}, {'C': '1.0'}]",471.094,Anode,169.9,1.0,99.0,169.9
Sb2Se3,"[{'Sb': '2.0', 'Se': '3.0'}]",480.433,Anode,669.6,0.05,90.0,33.480000000000004
Na4MnV(PO4)3,"[{'P': '3.0', 'O': '12.0', 'Na': '4.0', 'Mn': '1.0', 'V': '1.0'}]",482.7495,Cathode,101.0,3.3,90.0,333.29999999999995
Li3Ti4CoCrO12,"[{'Li': '3.0', 'Ti': '4.0', 'Co': '1.0', 'Cr': '1.0', 'O': '12.0'}]",515.2049999999999,Anode,136.1,2.5,90.0,340.25
Na4C24H8O8,"[{'Na': '4.0', 'C': '24.0', 'H': '8.0', 'O': '8.0'}]",516.28,Anode,100.0,0.4,90.0,40.0
Bi2S3 / C,"[{'Bi': '2.0', 'S': '3.0'}, {'C': '1.0'}]",526.151,Anode,804.0,1.63,90.0,1310.52
Na2Ti6O13,"[{'Na': '2.0', 'Ti': '6.0', 'O': '13.0'}]",541.169,Anode,49.5,0.3,90.0,14.85
Li3V(MoO4)3,"[{'Mo': '3.0', 'O': '12.0', 'Li': '3.0', 'V': '1.0'}]",551.5995,Cathode,100.0,3.7,90.0,370.0
Sn4P3-GA,"[{'Sn': '4.0', 'P': '3.0'}]",567.762,Anode,162.0,0.3,81.2,48.6
K2Ti6O13,"[{'K': '2.0', 'Ti': '6.0', 'O': '13.0'}]",573.385,Anode,99.0,3.0,90.0,297.0
Sn4P3 / C,"[{'Sn': '4.0', 'P': '3.0'}, {'C': '1.0'}]",579.7729999999999,Anode,850.0,1.0,90.0,850.0
Na3V3(PO4)4,"[{'P': '4.0', 'O': '16.0', 'Na': '3.0', 'V': '3.0'}]",601.6745000000001,Cathode,34.0,3.9,90.0,132.6
Bi2MoO6 / rGO-20,"[{'Bi': '2.0', 'Mo': '1.0', 'O': '6.0'}]",609.904,Anode,274.7,3.0,98.47,824.0999999999999
Li2SrTi6O14,"[{'Li': '2.0', 'Sr': '1.0', 'Ti': '6.0', 'O': '14.0'}]",612.688,Anode,120.0,2.7,90.0,324.0
Na4Fe3(PO4)2(P2O7),"[{'P': '4.0', 'O': '15.0', 'Na': '4.0', 'Fe': '3.0'}]",623.376,Cathode,90.0,4.2,99.6,96.0
(LNMO)95 @ (YBCO)5,"[{'Y': '5.0', 'B': '5.0', 'C': '5.0', 'O': '5.0'}]",638.63,Cathode,148.0,4.9,90.0,725.2
Co9S8,"[{'Co': '9.0', 'S': '8.0'}]",786.8770000000001,Cathode,123.04,0.83,0.041,102.1232
Mo6S8,"[{'Mo': '6.0', 'S': '8.0'}]",832.1800000000001,Cathode,100.0,1.1,90.0,110.00000000000001
V10O24Â·12H2O,"[{'V': '10.0', 'O': '24.0'}]",893.391,Cathode,164.5,1.7,90.0,279.65
Cu6Sn5,"[{'Cu': '6.0', 'Sn': '5.0'}]",974.826,Anode,400.0,0.4,90.0,160.0
Ni11(HPO3)8(OH)6 / rGO,"[{'H': '14.0', 'P': '8.0', 'O': '30.0', 'Ni': '11.0'}]",1387.4969999999998,Cathode,49.2,0.54,90.0,26.568000000000005
Ti2Nb10O29,"[{'Ti': '2.0', 'Nb': '10.0', 'O': '29.0'}]",1488.765,Anode,144.0,0.8,97.0,115.2
Na7H2[PV14O42],"[{'P': '1.0', 'V': '14.0', 'O': '42.0', 'Na': '7.0', 'H': '2.0'}]",1579.059,Anode,687.0,1.0,90.0,687.0
Si20Co10C70,"[{'Si': '20.0', 'Co': '10.0', 'C': '70.0'}]",1991.8,Anode,610.0,3.0,83.3,1830.0
K3PW12O40,"[{'K': '3.0', 'P': '1.0', 'W': '12.0', 'O': '40.0'}]",2994.308,Anode,7.8,0.1,90.0,0.78
Sb48Fe36P16,"[{'Sb': '48.0', 'Fe': '36.0', 'P': '16.0'}]",8350.484,Anode,530.0,0.5,90.0,265.0
BP2000,"[{'B': '1.0', 'P': '2000.0'}]",61958.81,Cathode,2600.0,3.0,90.0,7800.0
